-- MySQL dump 10.13  Distrib 8.0.39, for Linux (x86_64)
--
-- Host: localhost    Database: salary_app
-- ------------------------------------------------------
-- Server version	8.0.39-0ubuntu0.22.04.1

/*!40101 SET @OLD_CHARACTER_SET_CLIENT=@@CHARACTER_SET_CLIENT */;
/*!40101 SET @OLD_CHARACTER_SET_RESULTS=@@CHARACTER_SET_RESULTS */;
/*!40101 SET @OLD_COLLATION_CONNECTION=@@COLLATION_CONNECTION */;
/*!50503 SET NAMES utf8mb4 */;
/*!40103 SET @OLD_TIME_ZONE=@@TIME_ZONE */;
/*!40103 SET TIME_ZONE='+00:00' */;
/*!40014 SET @OLD_UNIQUE_CHECKS=@@UNIQUE_CHECKS, UNIQUE_CHECKS=0 */;
/*!40014 SET @OLD_FOREIGN_KEY_CHECKS=@@FOREIGN_KEY_CHECKS, FOREIGN_KEY_CHECKS=0 */;
/*!40101 SET @OLD_SQL_MODE=@@SQL_MODE, SQL_MODE='NO_AUTO_VALUE_ON_ZERO' */;
/*!40111 SET @OLD_SQL_NOTES=@@SQL_NOTES, SQL_NOTES=0 */;

--
-- Table structure for table `daily_reports`
--

DROP TABLE IF EXISTS `daily_reports`;
/*!40101 SET @saved_cs_client     = @@character_set_client */;
/*!50503 SET character_set_client = utf8mb4 */;
CREATE TABLE `daily_reports` (
  `date` date DEFAULT NULL,
  `date_of_created` datetime(6) DEFAULT NULL,
  `department_id` bigint DEFAULT NULL,
  `id` bigint NOT NULL AUTO_INCREMENT,
  PRIMARY KEY (`id`),
  KEY `FK5kcdm2cb83v5l4kexa3luuk64` (`department_id`),
  CONSTRAINT `FK5kcdm2cb83v5l4kexa3luuk64` FOREIGN KEY (`department_id`) REFERENCES `departments` (`id`)
) ENGINE=InnoDB AUTO_INCREMENT=341 DEFAULT CHARSET=utf8mb4 COLLATE=utf8mb4_0900_ai_ci;
/*!40101 SET character_set_client = @saved_cs_client */;

--
-- Dumping data for table `daily_reports`
--

LOCK TABLES `daily_reports` WRITE;
/*!40000 ALTER TABLE `daily_reports` DISABLE KEYS */;
INSERT INTO `daily_reports` VALUES ('2023-11-02','2023-11-03 00:58:50.402000',1,3),('2023-11-03','2023-11-04 02:54:14.770000',1,4),('2023-11-01','2023-11-04 02:56:18.625000',1,5),('2023-11-04','2023-11-05 02:58:42.009000',1,6),('2023-11-05','2023-11-06 14:24:12.461000',1,8),('2023-11-06','2023-11-07 00:05:10.690000',1,9),('2023-11-07','2023-11-07 23:35:28.463000',1,10),('2023-11-08','2023-11-08 23:35:02.368000',1,11),('2023-11-09','2023-11-10 01:39:27.917000',1,12),('2023-11-10','2023-11-11 03:13:12.071000',1,13),('2023-11-11','2023-11-12 02:41:54.462000',1,14),('2023-11-12','2023-11-12 23:29:27.969000',1,15),('2023-11-13','2023-11-14 00:22:07.636000',1,16),('2023-11-14','2023-11-15 00:36:10.419000',1,17),('2023-11-15','2023-11-16 00:12:38.045000',1,18),('2023-11-16','2023-11-17 00:59:17.393000',1,19),('2023-11-17','2023-11-18 02:54:42.429000',1,20),('2023-11-18','2023-11-19 02:48:42.197000',1,21),('2023-11-19','2023-11-19 23:13:54.916000',1,22),('2023-11-20','2023-11-21 00:01:02.181000',1,23),('2023-11-21','2023-11-22 00:26:21.619000',1,24),('2023-11-22','2023-11-23 00:26:59.869000',1,25),('2023-11-23','2023-11-23 23:37:07.180000',1,26),('2023-11-24','2023-11-25 03:00:22.348000',1,27),('2023-11-25','2023-11-26 19:53:01.113000',1,29),('2023-11-26','2023-11-26 23:21:47.502000',1,30),('2023-11-27','2023-11-28 00:34:34.831000',1,31),('2023-11-28','2023-11-29 00:09:06.558000',1,32),('2023-11-29','2023-11-30 00:18:55.153000',1,33),('2023-11-30','2023-12-01 01:35:16.977000',1,34),('2023-12-01','2023-12-02 02:46:15.614000',1,35),('2023-12-02','2023-12-03 04:12:37.433000',1,36),('2023-12-03','2023-12-04 00:57:00.465000',1,37),('2023-12-04','2023-12-05 00:39:27.188000',1,38),('2023-12-05','2023-12-06 00:17:19.208000',1,39),('2023-12-06','2023-12-06 23:08:09.189000',1,40),('2023-12-07','2023-12-07 23:42:54.918000',1,41),('2023-12-08','2023-12-09 02:38:32.805000',1,42),('2023-12-09','2023-12-10 03:46:44.876000',1,43),('2023-12-10','2023-12-11 00:22:46.943000',1,44),('2023-12-11','2023-12-12 00:26:20.061000',1,45),('2023-12-12','2023-12-12 23:45:40.413000',1,46),('2023-12-13','2023-12-14 00:17:09.368000',1,47),('2023-12-14','2023-12-14 23:20:19.812000',1,48),('2023-12-15','2023-12-16 02:36:23.118000',1,49),('2023-12-16','2023-12-17 01:12:56.234000',1,50),('2023-12-17','2023-12-18 00:58:57.731000',1,51),('2023-12-18','2023-12-19 01:10:18.343000',1,53),('2023-12-19','2023-12-20 00:35:02.930000',1,54),('2023-12-20','2023-12-21 00:27:56.819000',1,55),('2023-12-21','2023-12-21 23:47:56.670000',1,56),('2023-12-22','2023-12-23 03:04:41.101000',1,57),('2023-12-23','2023-12-24 03:18:49.028000',1,58),('2023-12-24','2023-12-25 00:37:59.487000',1,59),('2023-12-25','2023-12-26 00:36:37.487000',1,60),('2023-12-26','2023-12-27 00:27:38.301000',1,61),('2023-12-27','2023-12-28 00:40:24.228000',1,62),('2023-12-28','2023-12-29 00:59:59.818000',1,63),('2023-12-29','2023-12-30 03:19:50.983000',1,64),('2023-12-30','2023-12-31 01:10:04.482000',1,65),('2024-01-01','2024-01-02 01:37:15.595000',1,66),('2024-01-02','2024-01-03 01:47:16.706000',1,67),('2024-01-03','2024-01-04 01:35:32.822000',1,68),('2024-01-04','2024-01-05 01:47:57.533000',1,69),('2024-01-05','2024-01-06 03:06:44.945000',1,70),('2024-01-06','2024-01-07 02:27:55.152000',1,71),('2024-01-07','2024-01-08 01:22:12.884000',1,72),('2024-01-08','2024-01-09 00:30:55.838000',1,73),('2024-01-10','2024-01-10 23:38:37.774000',1,74),('2024-01-11','2024-01-12 00:13:14.858000',1,75),('2024-01-12','2024-01-13 02:35:12.398000',1,76),('2024-01-13','2024-01-14 02:42:37.840000',1,77),('2024-01-14','2024-01-15 00:32:24.593000',1,78),('2024-01-15','2024-01-15 23:15:17.227000',1,79),('2024-01-16','2024-01-17 00:17:51.258000',1,80),('2024-01-17','2024-01-18 00:23:44.505000',1,81),('2024-01-18','2024-01-18 23:34:02.454000',1,82),('2024-01-19','2024-01-20 02:48:13.425000',1,83),('2024-01-20','2024-01-21 02:55:41.830000',1,84),('2024-01-21','2024-01-22 00:15:04.451000',1,85),('2024-01-22','2024-01-22 23:37:47.046000',1,86),('2024-01-23','2024-01-23 23:48:57.393000',1,87),('2024-01-24','2024-01-24 23:15:29.464000',1,88),('2024-01-25','2024-01-26 00:22:11.874000',1,89),('2024-01-26','2024-01-27 02:56:36.306000',1,90),('2024-01-27','2024-01-28 02:53:16.082000',1,91),('2024-01-28','2024-01-29 00:35:43.842000',1,92),('2024-01-29','2024-01-30 00:15:51.733000',1,93),('2024-01-30','2024-01-31 00:35:28.953000',1,94),('2024-01-31','2024-02-01 00:19:00.862000',1,95),('2024-02-01','2024-02-02 00:28:45.452000',1,96),('2024-02-02','2024-02-03 03:02:57.754000',1,97),('2024-02-03','2024-02-04 03:37:09.971000',1,98),('2024-02-04','2024-02-05 00:18:50.418000',1,99),('2024-02-05','2024-02-06 00:42:47.684000',1,100),('2024-02-06','2024-02-06 23:46:14.571000',1,101),('2024-02-07','2024-02-08 00:16:29.440000',1,102),('2024-02-08','2024-02-09 00:45:11.884000',1,103),('2024-02-09','2024-02-10 02:38:22.090000',1,104),('2024-02-10','2024-02-11 02:38:55.768000',1,105),('2024-02-11','2024-02-12 00:11:05.673000',1,106),('2024-02-12','2024-02-13 00:39:32.426000',1,107),('2024-02-13','2024-02-14 00:06:14.853000',1,108),('2024-02-14','2024-02-15 00:04:49.360000',1,109),('2024-02-15','2024-02-16 00:09:57.468000',1,110),('2024-02-16','2024-02-17 02:30:02.569000',1,111),('2024-02-17','2024-02-18 02:56:09.828000',1,112),('2024-02-18','2024-02-19 00:44:08.758000',1,113),('2024-02-19','2024-02-20 00:17:56.649000',1,114),('2024-02-20','2024-02-21 00:36:29.489000',1,115),('2024-02-21','2024-02-22 00:01:12.610000',1,116),('2024-02-22','2024-02-23 03:42:00.571000',1,117),('2024-02-23','2024-02-24 02:36:31.511000',1,118),('2024-02-24','2024-02-25 04:38:03.631000',1,119),('2024-02-25','2024-02-26 00:37:45.670000',1,120),('2024-02-26','2024-02-26 23:22:20.240000',1,121),('2024-02-27','2024-02-28 01:04:46.069000',1,122),('2024-02-28','2024-02-29 00:15:03.726000',1,123),('2024-02-29','2024-03-01 00:30:18.099000',1,124),('2024-03-02','2024-03-02 12:57:54.371000',1,125),('2024-03-01','2024-03-03 02:58:06.918000',1,126),('2024-03-03','2024-03-04 00:29:34.567000',1,127),('2024-03-04','2024-03-05 02:20:08.823000',1,128),('2024-03-05','2024-03-05 23:53:54.419000',1,129),('2024-03-06','2024-03-07 00:58:34.876000',1,130),('2024-03-07','2024-03-08 03:05:32.855000',1,131),('2024-03-08','2024-03-09 02:37:25.994000',1,132),('2024-03-09','2024-03-10 02:48:51.368000',1,133),('2024-03-10','2024-03-11 00:39:36.372000',1,134),('2024-03-11','2024-03-12 00:35:29.249000',1,135),('2024-03-12','2024-03-13 00:11:58.090000',1,136),('2024-03-13','2024-03-14 00:24:36.377000',1,137),('2024-03-14','2024-03-15 00:19:55.964000',1,138),('2024-03-15','2024-03-16 03:21:48.077000',1,139),('2024-03-16','2024-03-17 02:37:52.370000',1,140),('2024-03-17','2024-03-18 00:12:00.365000',1,141),('2024-03-18','2024-03-19 00:01:17.570000',1,142),('2024-03-19','2024-03-20 00:40:00.516000',1,143),('2024-03-20','2024-03-21 00:41:30.940000',1,144),('2024-03-21','2024-03-22 00:34:16.685000',1,145),('2024-03-22','2024-03-23 02:48:59.982000',1,146),('2024-03-23','2024-03-24 03:58:28.600000',1,147),('2024-03-24','2024-03-25 00:10:19.849000',1,148),('2024-03-25','2024-03-26 19:44:23.195000',1,149),('2024-03-26','2024-03-27 00:38:06.023000',1,150),('2024-03-27','2024-03-28 00:22:08.383000',1,151),('2024-03-28','2024-03-28 23:59:47.515000',1,152),('2024-03-29','2024-03-30 02:45:45.919000',1,153),('2024-03-30','2024-03-31 02:45:45.219000',1,154),('2024-03-31','2024-03-31 23:21:20.932000',1,155),('2024-04-01','2024-04-02 00:48:12.302000',1,156),('2024-04-02','2024-04-03 00:09:10.352000',1,157),('2024-04-03','2024-04-04 00:20:41.890000',1,158),('2024-04-04','2024-04-05 00:37:06.776000',1,159),('2024-04-05','2024-04-06 02:45:13.863000',1,160),('2024-04-06','2024-04-07 03:46:53.243000',1,161),('2024-04-07','2024-04-07 23:12:09.192000',1,162),('2024-04-08','2024-04-08 23:42:26.226000',1,163),('2024-04-09','2024-04-10 00:47:28.323000',1,164),('2024-04-10','2024-04-11 00:22:52.674000',1,165),('2024-04-11','2024-04-12 00:16:01.974000',1,166),('2024-04-12','2024-04-13 05:54:15.832000',1,167),('2024-04-13','2024-04-14 02:21:23.506000',1,168),('2024-04-14','2024-04-14 23:44:08.909000',1,169),('2024-04-15','2024-04-15 23:20:45.639000',1,170),('2024-04-16','2024-04-17 00:37:33.214000',1,171),('2024-04-17','2024-04-18 01:17:05.643000',1,172),('2024-04-18','2024-04-19 00:16:52.807000',1,173),('2024-04-19','2024-04-20 03:10:20.841000',1,174),('2024-04-20','2024-04-21 14:03:15.922000',1,176),('2024-04-21','2024-04-22 00:28:45.421000',1,177),('2024-04-22','2024-04-22 23:58:36.665000',1,178),('2024-04-23','2024-04-24 00:19:13.305000',1,179),('2024-04-24','2024-04-25 00:23:58.724000',1,180),('2024-04-24','2024-04-25 00:31:57.110000',2,181),('2024-04-25','2024-04-26 00:38:58.896000',1,182),('2024-04-26','2024-04-27 00:42:26.626000',1,183),('2024-04-27','2024-04-28 03:04:32.550000',1,184),('2024-04-28','2024-04-29 01:56:48.445000',1,185),('2024-04-29','2024-04-30 02:12:26.901000',1,186),('2024-04-30','2024-05-01 02:02:23.267000',1,187),('2024-05-01','2024-05-01 23:51:49.469000',1,188),('2024-05-02','2024-05-02 23:29:50.309000',1,189),('2024-05-03','2024-05-04 02:28:58.629000',1,190),('2024-05-04','2024-05-05 02:25:10.946000',1,191),('2024-05-05','2024-05-05 23:55:40.310000',1,192),('2024-05-06','2024-05-07 00:32:05.002000',1,193),('2024-05-07','2024-05-08 00:21:25.511000',1,194),('2024-05-08','2024-05-09 03:09:27.030000',1,195),('2024-05-09','2024-05-10 02:30:50.772000',1,196),('2024-05-10','2024-05-11 02:35:45.407000',1,197),('2024-05-11','2024-05-12 03:58:54.036000',1,198),('2024-05-12','2024-05-12 23:47:02.668000',1,199),('2024-05-13','2024-05-14 00:05:44.580000',1,200),('2024-05-14','2024-05-15 00:30:10.628000',1,201),('2024-05-15','2024-05-16 00:43:03.877000',1,202),('2024-05-16','2024-05-17 00:28:12.393000',1,203),('2024-05-17','2024-05-18 03:47:58.666000',1,204),('2024-05-18','2024-05-19 02:16:38.231000',1,205),('2024-05-19','2024-05-19 23:25:40.722000',1,206),('2024-05-20','2024-05-21 00:14:55.709000',1,207),('2024-05-21','2024-05-22 00:28:12.455000',1,208),('2024-05-22','2024-05-23 02:02:09.214000',1,209),('2024-05-23','2024-05-24 00:20:18.206000',1,210),('2024-05-24','2024-05-25 02:08:42.456000',1,211),('2024-05-25','2024-05-26 02:29:20.605000',1,212),('2024-05-26','2024-05-27 00:31:11.083000',1,213),('2024-05-27','2024-05-28 00:18:45.273000',1,214),('2024-05-28','2024-05-29 01:07:28.874000',1,215),('2024-05-29','2024-05-30 00:09:44.313000',1,216),('2024-05-30','2024-05-31 00:58:35.896000',1,217),('2024-05-31','2024-06-01 02:21:27.825000',1,218),('2024-06-01','2024-06-02 02:26:36.677000',1,219),('2024-06-02','2024-06-02 23:26:50.802000',1,220),('2024-06-03','2024-06-04 00:05:47.651000',1,221),('2024-06-04','2024-06-05 00:41:55.880000',1,222),('2024-06-05','2024-06-05 23:43:30.304000',1,223),('2024-06-06','2024-06-07 00:45:20.029000',1,224),('2024-06-07','2024-06-08 03:25:59.688000',1,225),('2024-06-08','2024-06-09 02:54:52.479000',1,226),('2024-06-09','2024-06-09 23:40:14.100000',1,227),('2024-06-10','2024-06-10 23:49:42.917000',1,228),('2024-06-11','2024-06-12 02:42:19.574000',1,229),('2024-06-12','2024-06-13 00:13:46.438000',1,230),('2024-06-13','2024-06-14 00:22:21.138000',1,231),('2024-06-14','2024-06-15 02:34:39.629000',1,232),('2024-06-15','2024-06-16 04:49:07.099000',1,233),('2024-06-17','2024-06-18 00:14:22.619000',1,235),('2024-06-18','2024-06-19 00:11:01.130000',1,236),('2024-06-19','2024-06-20 00:39:03.228000',1,237),('2024-06-20','2024-06-21 00:35:00.085000',1,238),('2024-06-21','2024-06-22 02:35:09.513000',1,239),('2024-06-22','2024-06-23 02:15:32.320000',1,240),('2024-06-23','2024-06-24 00:18:38.971000',1,241),('2024-06-24','2024-06-25 01:50:27.077000',1,242),('2024-06-25','2024-06-26 00:30:51.402000',1,243),('2024-06-26','2024-06-27 00:11:59.577000',1,244),('2024-06-16','2024-06-28 01:23:48.490000',1,247),('2024-06-27','2024-06-28 12:03:48.076000',1,248),('2024-06-28','2024-06-29 02:47:06.005000',1,250),('2024-06-29','2024-06-30 02:31:14.673000',1,251),('2024-06-30','2024-07-01 00:36:57.608000',1,252),('2024-07-01','2024-07-02 00:50:19.360000',1,253),('2024-07-02','2024-07-03 00:24:03.815000',1,254),('2024-07-03','2024-07-04 00:24:12.528000',1,255),('2024-07-04','2024-07-05 00:24:46.535000',1,256),('2024-07-05','2024-07-06 02:28:29.738000',1,257),('2024-07-06','2024-07-07 04:19:10.573000',1,258),('2024-07-07','2024-07-08 00:30:45.815000',1,259),('2024-07-08','2024-07-09 00:12:42.487000',1,260),('2024-07-09','2024-07-10 00:45:12.980000',1,261),('2024-07-10','2024-07-11 01:09:15.885000',1,262),('2024-07-11','2024-07-12 00:36:24.569000',1,263),('2024-07-12','2024-07-13 03:09:34.919000',1,264),('2024-07-13','2024-07-14 02:33:12.522000',1,265),('2024-07-14','2024-07-15 00:59:32.648000',1,266),('2024-07-15','2024-07-16 00:35:27.784000',1,267),('2024-07-16','2024-07-17 00:37:46.852000',1,268),('2024-07-17','2024-07-18 00:04:38.535000',1,269),('2024-07-18','2024-07-19 00:32:14.376000',1,270),('2024-07-19','2024-07-20 02:37:35.988000',1,271),('2024-07-20','2024-07-21 02:52:34.157000',1,272),('2024-07-21','2024-07-22 00:30:04.764000',1,273),('2024-07-22','2024-07-23 00:48:03.592000',1,274),('2024-07-23','2024-07-24 00:46:57.585000',1,275),('2024-07-24','2024-07-25 00:28:52.835000',1,276),('2024-07-25','2024-07-26 00:09:01.443000',1,277),('2024-07-26','2024-07-27 02:51:40.121000',1,278),('2024-07-27','2024-07-28 02:51:51.082000',1,279),('2024-07-28','2024-07-28 23:35:20.181000',1,280),('2024-07-29','2024-07-29 23:32:12.650000',1,281),('2024-07-30','2024-07-31 00:58:01.743000',1,282),('2024-07-31','2024-08-01 12:55:32.015000',1,283),('2024-08-01','2024-08-02 01:19:37.113000',1,284),('2024-08-02','2024-08-03 11:35:39.091000',1,285),('2024-08-03','2024-08-04 02:54:07.424000',1,286),('2024-08-04','2024-08-04 23:23:30.153000',1,287),('2024-08-05','2024-08-05 23:58:13.328000',1,288),('2024-08-06','2024-08-07 00:30:04.311000',1,289),('2024-08-07','2024-08-07 23:30:01.362000',1,290),('2024-08-08','2024-08-09 01:35:25.377000',1,291),('2024-08-09','2024-08-10 02:43:20.455000',1,292),('2024-08-10','2024-08-11 02:31:49.318000',1,293),('2024-08-11','2024-08-12 00:55:27.356000',1,294),('2024-08-12','2024-08-13 00:26:16.487000',1,295),('2024-08-13','2024-08-14 00:44:53.860000',1,296),('2024-08-14','2024-08-15 00:13:39.453000',1,297),('2024-08-15','2024-08-16 00:22:45.625000',1,298),('2024-08-16','2024-08-17 02:26:40.303000',1,299),('2024-08-17','2024-08-18 02:32:20.229000',1,300),('2024-08-18','2024-08-19 00:20:10.158000',1,301),('2024-08-19','2024-08-20 00:10:41.983000',1,302),('2024-08-20','2024-08-21 00:14:50.819000',1,303),('2024-08-21','2024-08-22 01:03:37.621000',1,304),('2024-08-22','2024-08-23 00:44:05.277000',1,305),('2024-08-23','2024-08-24 04:04:06.762000',1,306),('2024-08-24','2024-08-25 02:39:57.890000',1,307),('2024-08-25','2024-08-26 00:19:20.907000',1,308),('2024-08-26','2024-08-27 00:28:10.397000',1,309),('2024-08-27','2024-08-28 00:32:06.243000',1,310),('2024-08-28','2024-08-29 00:50:50.315000',1,311),('2024-08-29','2024-08-30 00:48:46.269000',1,312),('2024-08-30','2024-08-31 02:40:21.190000',1,313),('2024-08-31','2024-09-01 02:29:09.211000',1,314),('2024-09-01','2024-09-02 00:26:08.974000',1,315),('2024-09-02','2024-09-03 01:07:14.194000',1,316),('2024-09-03','2024-09-03 23:54:33.314000',1,317),('2024-09-04','2024-09-05 00:59:28.927000',1,318),('2024-09-05','2024-09-06 00:36:11.479000',1,319),('2024-09-06','2024-09-07 04:04:04.026000',1,320),('2024-09-07','2024-09-08 02:49:08.470000',1,321),('2024-09-08','2024-09-09 00:40:32.285000',1,322),('2024-09-09','2024-09-10 00:44:18.243000',1,323),('2024-09-10','2024-09-11 00:10:13.347000',1,324),('2024-09-11','2024-09-12 00:09:54.166000',1,325),('2024-09-12','2024-09-13 00:18:15.965000',1,326),('2024-09-13','2024-09-14 02:11:33.254000',1,327),('2024-09-14','2024-09-15 02:33:35.650000',1,328),('2024-09-15','2024-09-15 23:29:28.540000',1,329),('2024-09-16','2024-09-17 00:08:07.023000',1,330),('2024-09-17','2024-09-18 00:47:23.138000',1,331),('2024-09-18','2024-09-19 00:33:38.990000',1,332),('2024-09-19','2024-09-20 00:50:27.271000',1,333),('2024-09-20','2024-09-21 14:18:38.355000',1,335),('2024-09-21','2024-09-22 02:42:48.227000',1,336),('2024-09-22','2024-09-23 00:45:58.077000',1,337),('2024-09-23','2024-09-24 00:21:40.008000',1,338),('2024-09-24','2024-09-25 00:16:09.346000',1,339),('2024-09-25','2024-09-26 00:03:40.780000',1,340);
/*!40000 ALTER TABLE `daily_reports` ENABLE KEYS */;
UNLOCK TABLES;

--
-- Table structure for table `departments`
--

DROP TABLE IF EXISTS `departments`;
/*!40101 SET @saved_cs_client     = @@character_set_client */;
/*!50503 SET character_set_client = utf8mb4 */;
CREATE TABLE `departments` (
  `calc_setting` float DEFAULT NULL,
  `id` bigint NOT NULL AUTO_INCREMENT,
  `name` varchar(255) DEFAULT NULL,
  PRIMARY KEY (`id`)
) ENGINE=InnoDB AUTO_INCREMENT=3 DEFAULT CHARSET=utf8mb4 COLLATE=utf8mb4_0900_ai_ci;
/*!40101 SET character_set_client = @saved_cs_client */;

--
-- Dumping data for table `departments`
--

LOCK TABLES `departments` WRITE;
/*!40000 ALTER TABLE `departments` DISABLE KEYS */;
INSERT INTO `departments` VALUES (0.035,1,'Kruzhka Kolp'),(0.03,2,'Kruzhka Pushkin');
/*!40000 ALTER TABLE `departments` ENABLE KEYS */;
UNLOCK TABLES;

--
-- Table structure for table `employee_department`
--

DROP TABLE IF EXISTS `employee_department`;
/*!40101 SET @saved_cs_client     = @@character_set_client */;
/*!50503 SET character_set_client = utf8mb4 */;
CREATE TABLE `employee_department` (
  `department_id` bigint NOT NULL,
  `employee_id` bigint NOT NULL,
  KEY `FK4cbu73xwprtxd3tpcop5w9chi` (`department_id`),
  KEY `FKeivrxorxedw0jroshkmeix9is` (`employee_id`),
  CONSTRAINT `FK4cbu73xwprtxd3tpcop5w9chi` FOREIGN KEY (`department_id`) REFERENCES `departments` (`id`),
  CONSTRAINT `FKeivrxorxedw0jroshkmeix9is` FOREIGN KEY (`employee_id`) REFERENCES `employees` (`id`)
) ENGINE=InnoDB DEFAULT CHARSET=utf8mb4 COLLATE=utf8mb4_0900_ai_ci;
/*!40101 SET character_set_client = @saved_cs_client */;

--
-- Dumping data for table `employee_department`
--

LOCK TABLES `employee_department` WRITE;
/*!40000 ALTER TABLE `employee_department` DISABLE KEYS */;
INSERT INTO `employee_department` VALUES (1,2),(1,5),(1,7),(1,9),(1,10),(1,11),(1,6),(1,4),(2,4),(2,12),(1,8),(2,8),(2,13),(1,14),(1,3),(1,15),(1,16),(1,1);
/*!40000 ALTER TABLE `employee_department` ENABLE KEYS */;
UNLOCK TABLES;

--
-- Table structure for table `employees`
--

DROP TABLE IF EXISTS `employees`;
/*!40101 SET @saved_cs_client     = @@character_set_client */;
/*!50503 SET character_set_client = utf8mb4 */;
CREATE TABLE `employees` (
  `active` bit(1) DEFAULT NULL,
  `id` bigint NOT NULL AUTO_INCREMENT,
  `name` varchar(255) DEFAULT NULL,
  PRIMARY KEY (`id`),
  UNIQUE KEY `UK_sd5rcqkto9rwnmx8g16o41af` (`name`)
) ENGINE=InnoDB AUTO_INCREMENT=17 DEFAULT CHARSET=utf8mb4 COLLATE=utf8mb4_0900_ai_ci;
/*!40101 SET character_set_client = @saved_cs_client */;

--
-- Dumping data for table `employees`
--

LOCK TABLES `employees` WRITE;
/*!40000 ALTER TABLE `employees` DISABLE KEYS */;
INSERT INTO `employees` VALUES (_binary '',1,'Коновалов Д. '),(_binary '',2,'Грибанова А. '),(_binary '',3,'Рысакова А. '),(_binary '',4,'Сувонов И. '),(_binary '',5,'Федотов А. '),(_binary '',6,'Конторщикова П. '),(_binary '',7,'Зеленов И. '),(_binary '\0',8,'Kira'),(_binary '',9,'Паланцевич Я. '),(_binary '',10,'Гичева Е. '),(_binary '',11,'Иванова Т. '),(_binary '',12,'Красный Д.'),(_binary '',13,'Трощенков Н.'),(_binary '',14,'Михальченко Е.'),(_binary '',15,'Филиппова В. '),(_binary '',16,'Сомрякова Т.');
/*!40000 ALTER TABLE `employees` ENABLE KEYS */;
UNLOCK TABLES;

--
-- Table structure for table `flyway_schema_history`
--

DROP TABLE IF EXISTS `flyway_schema_history`;
/*!40101 SET @saved_cs_client     = @@character_set_client */;
/*!50503 SET character_set_client = utf8mb4 */;
CREATE TABLE `flyway_schema_history` (
  `installed_rank` int NOT NULL,
  `version` varchar(50) DEFAULT NULL,
  `description` varchar(200) NOT NULL,
  `type` varchar(20) NOT NULL,
  `script` varchar(1000) NOT NULL,
  `checksum` int DEFAULT NULL,
  `installed_by` varchar(100) NOT NULL,
  `installed_on` timestamp NOT NULL DEFAULT CURRENT_TIMESTAMP,
  `execution_time` int NOT NULL,
  `success` tinyint(1) NOT NULL,
  PRIMARY KEY (`installed_rank`),
  KEY `flyway_schema_history_s_idx` (`success`)
) ENGINE=InnoDB DEFAULT CHARSET=utf8mb4 COLLATE=utf8mb4_0900_ai_ci;
/*!40101 SET character_set_client = @saved_cs_client */;

--
-- Dumping data for table `flyway_schema_history`
--

LOCK TABLES `flyway_schema_history` WRITE;
/*!40000 ALTER TABLE `flyway_schema_history` DISABLE KEYS */;
INSERT INTO `flyway_schema_history` VALUES (1,'1','Init DB','SQL','V1__Init_DB.sql',-807829239,'root','2023-11-01 21:06:30',294,1),(2,'2','Insert Admin','SQL','V2__Insert_Admin.sql',-888799965,'root','2023-11-01 21:06:30',26,1);
/*!40000 ALTER TABLE `flyway_schema_history` ENABLE KEYS */;
UNLOCK TABLES;

--
-- Table structure for table `payments`
--

DROP TABLE IF EXISTS `payments`;
/*!40101 SET @saved_cs_client     = @@character_set_client */;
/*!50503 SET character_set_client = utf8mb4 */;
CREATE TABLE `payments` (
  `procent_from_sales` int DEFAULT NULL,
  `tips` int DEFAULT NULL,
  `total_payment` int DEFAULT NULL,
  `daily_report_id` bigint DEFAULT NULL,
  `employee_id` bigint DEFAULT NULL,
  `id` bigint NOT NULL AUTO_INCREMENT,
  PRIMARY KEY (`id`),
  KEY `FKgg9970yjb56tmui83b0dccqv5` (`employee_id`),
  KEY `FKlbndpgfuwidmeo25xqhg97494` (`daily_report_id`),
  CONSTRAINT `FKgg9970yjb56tmui83b0dccqv5` FOREIGN KEY (`employee_id`) REFERENCES `employees` (`id`),
  CONSTRAINT `FKlbndpgfuwidmeo25xqhg97494` FOREIGN KEY (`daily_report_id`) REFERENCES `daily_reports` (`id`)
) ENGINE=InnoDB AUTO_INCREMENT=1391 DEFAULT CHARSET=utf8mb4 COLLATE=utf8mb4_0900_ai_ci;
/*!40101 SET character_set_client = @saved_cs_client */;

--
-- Dumping data for table `payments`
--

LOCK TABLES `payments` WRITE;
/*!40000 ALTER TABLE `payments` DISABLE KEYS */;
INSERT INTO `payments` VALUES (1532,5785,7317,3,1,5),(309,1600,1909,3,4,6),(1532,5785,7317,3,7,7),(1289,2971,4260,4,4,8),(1085,2091,3176,4,7,9),(1289,2971,4260,4,1,10),(1127,2788,3915,4,6,11),(1127,2788,3915,4,3,12),(1127,2788,3915,4,5,13),(173,148,321,5,7,14),(935,4651,5586,5,4,15),(935,4651,5586,5,3,16),(1757,3336,5093,6,1,17),(1757,3336,5093,6,6,18),(1757,3336,5093,6,5,19),(1542,2953,4495,6,3,20),(849,1543,2392,6,4,21),(1385,2439,3824,6,7,22),(1682,5876,7558,8,6,28),(994,3660,4654,8,7,29),(1682,5876,7558,8,5,30),(1329,3676,5005,8,9,31),(751,3083,3834,9,1,32),(751,3083,3834,9,5,33),(751,3083,3834,9,7,34),(190,373,563,10,7,35),(736,2230,2966,10,5,36),(736,2230,2966,10,3,37),(580,883,1463,11,4,38),(580,883,1463,11,6,39),(580,883,1463,11,3,40),(1386,6608,7994,12,5,41),(217,233,450,12,4,42),(1386,6608,7994,12,6,43),(1134,2610,3744,13,6,44),(1134,2610,3744,13,4,45),(1134,2610,3744,13,1,46),(978,2272,3250,13,5,47),(978,2272,3250,13,3,48),(978,2272,3250,13,7,49),(848,2519,3367,14,7,50),(1731,4104,5835,14,3,51),(1731,4104,5835,14,1,52),(1731,4104,5835,14,6,53),(1401,3592,4993,14,5,54),(1401,3592,4993,14,4,55),(586,2512,3098,14,9,56),(1764,3456,5220,15,5,57),(1764,3456,5220,15,4,58),(1764,3456,5220,15,7,59),(488,1137,1625,15,9,60),(866,1454,2320,16,4,61),(866,1454,2320,16,6,62),(427,516,943,16,5,63),(769,1352,2121,17,1,64),(769,1352,2121,17,3,65),(769,1352,2121,17,6,66),(206,343,549,18,5,67),(668,1338,2006,18,4,68),(668,1338,2006,18,3,69),(1169,2791,3960,19,10,70),(210,366,576,19,4,71),(1169,2791,3960,19,7,72),(1950,6131,8081,20,7,73),(1950,6131,8081,20,1,74),(1950,6131,8081,20,4,75),(1950,6131,8081,20,6,76),(1730,5432,7162,20,5,77),(1730,5432,7162,20,3,78),(1793,4121,5914,21,1,79),(1793,4121,5914,21,5,80),(1793,4121,5914,21,7,81),(1793,4121,5914,21,6,82),(1771,3991,5762,21,3,83),(773,2021,2794,21,4,84),(1126,3068,4194,22,3,85),(1126,3068,4194,22,7,86),(1126,3068,4194,22,6,87),(320,818,1138,22,5,88),(835,1833,2668,23,1,89),(240,158,398,23,5,90),(835,1833,2668,23,6,91),(646,2067,2713,24,3,92),(195,67,262,24,7,93),(646,2067,2713,24,5,94),(660,1491,2151,25,4,95),(243,166,409,25,5,96),(660,1491,2151,25,7,97),(913,1549,2462,26,4,98),(161,166,327,26,6,99),(913,1549,2462,26,3,100),(1536,3033,4569,27,1,101),(1536,3033,4569,27,5,102),(1536,3033,4569,27,4,103),(1536,3033,4569,27,6,104),(1536,3033,4569,27,3,105),(1394,1783,3177,27,7,106),(1943,5847,7790,29,1,113),(1943,5847,7790,29,7,114),(1943,5847,7790,29,6,115),(1742,5681,7423,29,3,116),(1375,5269,6644,29,5,117),(1141,4141,5282,29,4,118),(1639,4253,5892,30,6,119),(1639,4253,5892,30,3,120),(1639,4253,5892,30,7,121),(1639,4253,5892,30,5,122),(1033,1474,2507,31,4,123),(299,200,499,31,5,124),(1033,1474,2507,31,7,125),(707,1837,2544,32,1,126),(707,1837,2544,32,3,127),(137,151,288,32,7,128),(682,844,1526,33,5,129),(682,844,1526,33,4,130),(299,116,415,33,6,131),(1425,5397,6822,34,6,132),(1425,5397,6822,34,3,133),(1425,5397,6822,34,4,134),(113,25,138,34,7,135),(1482,3582,5064,35,4,136),(1482,3582,5064,35,7,137),(1482,3582,5064,35,6,138),(1482,3582,5064,35,5,139),(1202,3370,4572,35,11,140),(1202,3370,4572,35,1,141),(1063,2859,3922,36,6,142),(1063,2859,3922,36,7,143),(2319,10762,13081,36,1,144),(2269,7546,9815,36,5,145),(2229,10462,12691,36,3,146),(2229,10462,12691,36,4,147),(1159,2644,3803,37,1,148),(798,1504,2302,37,5,149),(1159,2644,3803,37,3,150),(1159,2644,3803,37,6,151),(179,266,445,38,5,152),(1559,3875,5434,38,4,153),(1559,3875,5434,38,7,154),(931,2056,2987,39,4,155),(931,2056,2987,39,3,156),(235,200,435,39,7,157),(717,2182,2899,40,1,158),(717,2182,2899,40,5,159),(205,400,605,40,7,160),(184,616,800,41,5,161),(975,2366,3341,41,6,162),(975,2366,3341,41,3,163),(2077,8987,11064,43,1,170),(2077,8987,11064,43,5,171),(2077,8987,11064,43,4,172),(2077,8987,11064,43,6,173),(2077,8987,11064,43,3,174),(2077,8987,11064,43,7,175),(847,3126,3973,44,4,176),(329,1312,1641,44,7,177),(694,2676,3370,44,5,178),(694,2676,3370,44,6,179),(208,200,408,45,6,180),(841,3050,3891,45,4,181),(841,3050,3891,45,5,182),(1698,5246,6944,42,1,183),(1698,5246,6944,42,5,184),(1698,5246,6944,42,6,185),(1698,5246,6944,42,3,186),(978,2924,3902,42,7,187),(1323,4064,5387,42,9,188),(754,1896,2650,46,5,189),(754,1896,2650,46,4,190),(212,183,395,46,7,191),(1199,2621,3820,47,5,192),(1199,2621,3820,47,3,193),(1199,2621,3820,47,4,194),(1528,5533,7061,48,7,195),(381,833,1214,48,5,196),(1528,5533,7061,48,1,197),(1417,3758,5175,49,1,198),(1417,3758,5175,49,6,199),(1417,3758,5175,49,7,200),(1169,3125,4294,49,4,201),(1169,3125,4294,49,5,202),(1169,3125,4294,49,3,203),(2228,5103,7331,50,5,204),(2228,5103,7331,50,1,205),(2228,5103,7331,50,4,206),(2228,5103,7331,50,6,207),(2228,5103,7331,50,3,208),(829,1585,2414,51,7,209),(1520,3498,5018,51,3,210),(1520,3498,5018,51,6,211),(1520,3498,5018,51,5,212),(681,4216,4897,53,5,214),(681,4216,4897,53,4,216),(681,4216,4897,53,6,218),(558,600,1158,54,7,219),(1360,3023,4383,54,5,220),(1360,3023,4383,54,6,221),(200,100,300,55,5,222),(948,3191,4139,55,4,223),(948,3191,4139,55,3,224),(1721,6350,8071,56,1,225),(1721,6350,8071,56,4,226),(1721,6350,8071,56,3,227),(2295,7902,10197,57,1,228),(2295,7902,10197,57,3,229),(2295,7902,10197,57,6,230),(2295,7902,10197,57,5,231),(2295,7902,10197,57,4,232),(1796,7056,8852,57,9,233),(1067,2637,3704,58,7,237),(1067,5970,7037,58,9,240),(2145,12107,14252,58,1,241),(2145,12107,14252,58,5,242),(2145,12107,14252,58,6,243),(2145,12107,14252,58,3,244),(2145,12107,14252,58,4,245),(76,25,101,59,1,246),(1442,3157,4599,59,6,247),(856,1687,2543,59,7,248),(1442,3157,4599,59,5,249),(1366,3132,4498,59,9,250),(839,1950,2789,60,1,251),(839,1950,2789,60,5,252),(839,1950,2789,60,6,253),(1150,3568,4718,61,4,254),(1150,3568,4718,61,5,255),(1150,3568,4718,61,3,256),(1395,3075,4470,62,1,257),(1395,3075,4470,62,3,258),(1395,3075,4470,62,7,259),(1395,3075,4470,62,4,260),(2169,5386,7555,63,1,261),(2169,5386,7555,63,5,262),(2169,5386,7555,63,3,263),(2169,5386,7555,63,7,264),(2169,5386,7555,63,4,265),(2169,5386,7555,63,6,266),(2017,5599,7616,64,7,267),(2017,5599,7616,64,4,268),(2017,5599,7616,64,6,269),(1617,4916,6533,64,3,270),(1504,4516,6020,64,1,271),(1504,4516,6020,64,5,272),(1352,3359,4711,65,3,273),(521,1415,1936,65,7,274),(1352,3359,4711,65,1,275),(831,1944,2775,65,5,276),(831,1944,2775,65,4,277),(831,1944,2775,65,9,278),(831,1944,2775,65,6,279),(454,1085,1539,66,3,280),(454,1085,1539,66,7,281),(454,1085,1539,66,6,282),(37,133,170,67,4,283),(222,495,717,67,6,284),(1175,3395,4570,67,5,285),(1138,3262,4400,67,1,286),(1216,2710,3926,68,5,287),(1942,4435,6377,68,1,288),(1942,4435,6377,68,4,289),(876,2360,3236,68,7,290),(1509,4132,5641,69,4,291),(1509,4132,5641,69,3,292),(107,0,107,69,7,293),(1509,4132,5641,69,9,294),(999,1484,2483,70,7,295),(1635,3134,4769,70,1,296),(1421,2875,4296,70,3,297),(1421,2875,4296,70,4,298),(1551,6022,7573,71,1,299),(1551,6022,7573,71,5,300),(1551,6022,7573,71,6,301),(1431,5564,6995,71,3,302),(1431,5564,6995,71,4,303),(185,900,1085,72,5,304),(1170,2037,3207,72,7,305),(1335,2653,3988,72,6,306),(1335,2653,3988,72,9,307),(1335,2653,3988,72,3,308),(1187,2503,3690,73,5,309),(1187,2503,3690,73,4,310),(1187,2503,3690,73,6,311),(713,774,1487,74,3,312),(1230,2899,4129,74,1,313),(303,441,744,74,5,314),(1230,2899,4129,74,7,315),(719,2535,3254,75,4,316),(156,83,239,75,7,317),(719,2535,3254,75,3,318),(1547,5072,6619,76,4,319),(1547,5072,6619,76,1,320),(1547,5072,6619,76,6,321),(1292,4939,6231,76,5,322),(1292,4939,6231,76,3,323),(1074,3439,4513,76,7,324),(2359,4677,7036,77,3,325),(2359,4677,7036,77,1,326),(446,474,920,77,5,327),(2294,4427,6721,77,7,328),(781,2483,3264,77,4,329),(1909,4084,5993,77,6,330),(1848,3953,5801,77,11,331),(349,1264,1613,78,7,332),(1038,2379,3417,78,6,333),(866,1429,2295,78,5,334),(689,1115,1804,78,9,335),(908,2027,2935,79,1,336),(908,2027,2935,79,6,337),(490,377,867,79,7,338),(160,60,220,80,1,339),(1037,2519,3556,80,6,340),(1037,2519,3556,80,5,341),(124,150,274,81,5,342),(1001,1585,2586,81,4,343),(1001,1585,2586,81,7,344),(198,333,531,82,7,345),(879,3030,3909,82,4,346),(879,3030,3909,82,3,347),(1312,2101,3413,83,1,348),(1312,2101,3413,83,5,349),(1312,2101,3413,83,6,350),(1312,2101,3413,83,7,351),(1219,1987,3206,83,4,352),(1219,1987,3206,83,3,353),(2237,3463,5700,84,7,354),(2237,3463,5700,84,1,355),(2237,3463,5700,84,3,356),(1989,2946,4935,84,4,357),(1693,2723,4416,84,5,358),(1693,2723,4416,84,6,359),(1636,2917,4553,85,7,360),(1636,2917,4553,85,6,361),(1636,2917,4553,85,5,362),(1174,1929,3103,85,9,363),(898,1273,2171,86,5,364),(898,1273,2171,86,4,365),(366,398,764,86,1,366),(888,1483,2371,87,4,367),(253,133,386,87,7,368),(888,1483,2371,87,3,369),(1229,1138,2367,88,6,370),(504,338,842,88,4,371),(1229,1138,2367,88,3,372),(1421,2055,3476,89,7,373),(1421,2055,3476,89,6,374),(409,350,759,89,5,375),(1909,2684,4593,90,1,376),(1909,2684,4593,90,7,377),(1909,2684,4593,90,3,378),(1665,2601,4266,90,4,379),(359,685,1044,90,6,380),(940,1403,2343,90,9,381),(1838,2369,4207,91,1,382),(1838,2369,4207,91,6,383),(1838,2369,4207,91,5,384),(316,535,851,91,7,385),(1584,2034,3618,91,4,386),(1584,2034,3618,91,3,387),(1522,1834,3356,91,9,388),(1331,1736,3067,92,7,389),(1527,2102,3629,92,5,390),(1527,2102,3629,92,6,391),(1207,1716,2923,92,9,392),(1007,1450,2457,93,4,393),(1007,1450,2457,93,6,394),(194,399,593,94,4,395),(1117,1197,2314,94,7,396),(1117,1197,2314,94,3,397),(1585,3546,5131,95,1,398),(304,116,420,95,5,399),(1585,3546,5131,95,3,400),(1002,1691,2693,96,5,401),(1002,1691,2693,96,7,402),(170,116,286,96,4,403),(2210,3697,5907,97,6,404),(2210,3697,5907,97,5,405),(453,400,853,97,7,406),(1803,3397,5200,97,1,407),(1757,3297,5054,97,3,408),(975,1554,2529,97,4,409),(975,1554,2529,97,9,410),(2159,5291,7450,98,3,411),(1954,3253,5207,98,6,412),(2159,5291,7450,98,4,413),(2159,5291,7450,98,5,414),(1794,4704,6498,98,7,415),(1729,4634,6363,98,1,416),(1537,2963,4500,99,6,417),(1537,2963,4500,99,7,418),(1265,2663,3928,99,5,419),(1070,2313,3383,99,9,420),(1013,1033,2046,100,4,421),(225,83,308,100,6,422),(1013,1033,2046,100,7,423),(917,1587,2504,101,5,424),(167,233,400,101,4,425),(917,1587,2504,101,6,426),(901,1087,1988,102,5,427),(259,182,441,102,1,428),(901,1087,1988,102,3,429),(291,233,524,103,7,430),(873,2190,3063,103,6,431),(873,2190,3063,103,4,432),(2008,3047,5055,104,1,433),(2008,3047,5055,104,6,434),(1766,2660,4426,104,7,435),(1717,2547,4264,104,3,436),(1717,2547,4264,104,4,437),(1475,2160,3635,104,5,438),(2378,4296,6674,105,7,439),(2378,4296,6674,105,1,440),(2378,4296,6674,105,3,441),(2124,3963,6087,105,4,442),(1698,3238,4936,105,5,443),(1698,3238,4936,105,6,444),(1277,1948,3225,106,3,445),(1277,1948,3225,106,7,446),(1277,1948,3225,106,5,447),(236,350,586,107,1,448),(1191,1949,3140,107,4,449),(1191,1949,3140,107,7,450),(238,115,353,108,6,451),(164,82,246,108,3,452),(1755,1891,3646,108,4,453),(793,1109,1902,108,7,454),(1366,3102,4468,109,5,455),(1366,3102,4468,109,4,456),(1366,3102,4468,109,7,457),(1769,3616,5385,110,3,458),(281,616,897,110,5,459),(1769,3616,5385,110,6,460),(1696,2724,4420,111,6,461),(1091,2099,3190,111,4,462),(1696,2724,4420,111,1,463),(1287,1974,3261,111,3,464),(682,1349,2031,111,7,465),(1287,1974,3261,111,9,466),(2129,5054,7183,112,6,467),(2129,5054,7183,112,3,468),(2129,5054,7183,112,7,469),(1976,4928,6904,112,4,470),(1802,4582,6384,112,5,471),(940,1705,2645,112,11,472),(428,753,1181,113,1,473),(1614,2664,4278,113,6,474),(1614,2664,4278,113,7,475),(1253,2049,3302,113,5,476),(1094,1958,3052,114,4,477),(1094,1958,3052,114,7,478),(327,200,527,114,6,479),(1456,729,2185,115,5,480),(275,279,554,115,4,481),(1456,729,2185,115,7,482),(1367,3133,4500,116,1,483),(1367,3133,4500,116,3,484),(206,368,574,116,5,485),(1556,5446,7002,117,3,486),(1556,5446,7002,117,4,487),(1556,5446,7002,117,6,488),(1030,1376,2406,117,7,489),(1335,5142,6477,117,1,490),(2036,2864,4900,118,6,491),(1532,2081,3613,118,7,492),(2036,2864,4900,118,1,493),(1894,2633,4527,118,5,494),(1894,2633,4527,118,3,495),(1390,1850,3240,118,4,496),(1587,2121,3708,118,9,497),(1792,6138,7930,119,3,498),(1792,6138,7930,119,7,499),(1792,6138,7930,119,6,500),(1792,6138,7930,119,5,501),(1321,2595,3916,119,4,502),(1562,3075,4637,119,9,503),(232,552,784,120,7,504),(1165,1429,2594,120,5,505),(1046,1027,2073,120,6,506),(933,877,1810,120,9,507),(1145,1962,3107,121,4,508),(273,310,583,121,6,509),(1145,1962,3107,121,7,510),(2339,7183,9522,122,1,511),(2339,7183,9522,122,5,512),(2339,7183,9522,122,3,513),(2339,7183,9522,122,7,514),(2339,7183,9522,122,4,515),(2339,7183,9522,122,6,516),(1259,2118,3377,123,1,517),(1259,2118,3377,123,5,518),(329,250,579,123,7,519),(318,259,577,124,5,520),(2640,5472,8112,124,4,521),(2640,5472,8112,124,3,522),(1199,2256,3455,125,7,523),(381,459,840,125,6,524),(1478,2893,4371,125,10,525),(1160,4434,5594,125,3,526),(1160,4434,5594,125,5,527),(979,2297,3276,125,9,528),(2131,4886,7017,126,2,529),(2131,4886,7017,126,5,530),(2131,4886,7017,126,3,531),(1820,4200,6020,126,7,532),(1820,4200,6020,126,9,533),(1820,4200,6020,126,11,534),(1622,2490,4112,127,1,535),(1622,2490,4112,127,7,536),(1622,2490,4112,127,6,537),(1622,2490,4112,127,2,538),(1284,2858,4142,128,1,539),(1284,2858,4142,128,10,540),(63,33,96,128,3,541),(818,752,1570,129,7,542),(260,149,409,129,5,543),(818,752,1570,129,10,544),(1916,2698,4614,130,6,545),(1916,2698,4614,130,7,546),(1799,2552,4351,131,6,547),(1799,2552,4351,131,7,548),(1799,2552,4351,131,10,549),(1525,2338,3863,131,2,550),(1525,2338,3863,131,3,551),(1525,2338,3863,131,5,552),(1993,2692,4685,132,5,553),(1993,2692,4685,132,1,554),(1993,2692,4685,132,10,555),(1993,2692,4685,132,6,556),(1993,2692,4685,132,7,557),(1788,2462,4250,132,3,558),(531,1608,2139,132,9,559),(2197,4055,6252,133,3,560),(2197,4055,6252,133,10,561),(2197,4055,6252,133,5,562),(1998,3820,5818,133,9,563),(1998,3820,5818,133,7,564),(1693,3551,5244,133,6,565),(1019,1268,2287,134,1,566),(512,666,1178,134,5,567),(1019,1268,2287,134,6,568),(438,777,1215,134,7,569),(164,158,322,135,10,570),(986,1564,2550,135,4,571),(986,1564,2550,135,7,572),(135,115,250,136,7,573),(1021,1115,2136,136,3,574),(1021,1115,2136,136,10,575),(1387,3816,5203,137,7,576),(1387,3816,5203,137,3,577),(182,100,282,137,6,578),(1632,1823,3455,138,4,579),(1632,1823,3455,138,5,580),(1632,1823,3455,138,6,581),(1597,2750,4347,139,1,582),(1597,2750,4347,139,5,583),(1597,2750,4347,139,6,584),(1398,2437,3835,139,3,585),(1398,2437,3835,139,7,586),(1398,2437,3835,139,10,587),(2226,2853,5079,140,7,588),(2226,2853,5079,140,3,589),(2226,2853,5079,140,6,590),(1935,2464,4399,140,10,591),(1910,2582,4492,140,1,592),(1768,2542,4310,140,5,593),(1703,3129,4832,141,1,594),(1703,3129,4832,141,6,595),(1016,1871,2887,141,7,596),(1351,2854,4205,141,5,597),(1138,1400,2538,142,10,598),(1138,1400,2538,142,1,599),(201,83,284,142,7,600),(1409,2738,4147,143,5,601),(1409,2738,4147,143,7,602),(202,200,402,143,10,603),(1281,1173,2454,144,4,604),(308,133,441,144,6,605),(1281,1173,2454,144,5,606),(1563,1681,3244,145,6,607),(1563,1681,3244,145,3,608),(149,133,282,145,7,609),(2873,3875,6748,146,5,610),(1950,2434,4384,146,6,611),(1863,2184,4047,146,11,612),(1863,2184,4047,146,3,613),(2001,3465,5466,147,10,614),(2255,6497,8752,147,6,615),(2255,6497,8752,147,3,616),(778,898,1676,147,5,617),(2149,6194,8343,147,7,618),(1136,1712,2848,147,11,619),(1772,2451,4223,148,1,620),(1772,2451,4223,148,5,621),(1519,2132,3651,148,6,622),(807,1094,1901,148,7,623),(169,133,302,149,10,624),(1130,1758,2888,149,1,625),(1130,1758,2888,149,7,626),(1997,3161,5158,150,4,627),(708,850,1558,150,7,628),(1997,3161,5158,150,5,629),(1534,1214,2748,151,3,630),(362,492,854,151,6,631),(1534,1214,2748,151,10,632),(242,416,658,152,7,633),(1246,1910,3156,152,5,634),(1246,1910,3156,152,6,635),(1749,2554,4303,153,1,636),(1749,2554,4303,153,10,637),(1749,2554,4303,153,6,638),(1430,1948,3378,153,7,639),(1336,1848,3184,153,3,640),(1222,1753,2975,153,5,641),(2149,2146,4295,154,5,642),(2149,2146,4295,154,3,643),(969,1812,2781,154,7,644),(969,1812,2781,154,10,645),(2149,2146,4295,154,6,646),(1981,1888,3869,154,11,647),(1318,3624,4942,155,6,648),(1318,3624,4942,155,1,649),(1259,3199,4458,155,3,650),(1259,3199,4458,155,5,651),(1854,2400,4254,156,6,652),(1854,2400,4254,156,10,653),(775,1500,2275,156,7,654),(1955,2068,4023,157,5,655),(138,257,395,157,7,656),(1955,2068,4023,157,1,657),(875,1345,2220,158,5,658),(875,1345,2220,158,4,659),(301,162,463,158,10,660),(1185,1936,3121,159,10,661),(1185,1936,3121,159,6,662),(275,98,373,159,7,663),(2506,4885,7391,160,1,664),(2506,4885,7391,160,6,665),(2506,4885,7391,160,10,666),(2080,4255,6335,160,7,667),(2080,4255,6335,160,5,668),(2026,5868,7894,161,6,669),(2026,5868,7894,161,5,670),(1909,5225,7134,161,10,671),(1909,5225,7134,161,7,672),(1415,4183,5598,161,1,673),(1415,4183,5598,161,3,674),(1185,2646,3831,162,6,675),(1185,2646,3831,162,5,676),(1185,2646,3831,162,7,677),(609,818,1427,163,6,678),(609,818,1427,163,10,679),(397,366,763,163,7,680),(1754,2589,4343,164,7,681),(322,335,657,164,10,682),(1754,2589,4343,164,4,683),(958,1257,2215,165,5,684),(420,783,1203,165,4,685),(958,1257,2215,165,7,686),(1253,2342,3595,166,6,687),(1253,2342,3595,166,10,688),(312,221,533,166,5,689),(1955,9468,11423,167,5,690),(1955,9468,11423,167,1,691),(1880,3685,5565,167,10,692),(1579,8669,10248,167,3,693),(1119,2311,3430,167,7,694),(2158,3949,6107,168,1,695),(2158,3949,6107,168,3,696),(1874,3459,5333,168,7,697),(2158,3949,6107,168,10,698),(2158,3949,6107,168,6,699),(2158,3949,6107,168,5,700),(1462,2050,3512,169,6,701),(324,358,682,169,5,702),(1296,1925,3221,169,1,703),(1138,1692,2830,169,9,704),(956,1842,2798,170,6,705),(376,233,609,170,10,706),(956,1842,2798,170,5,707),(1411,2565,3976,171,1,708),(623,1535,2158,171,10,709),(1411,2565,3976,171,3,710),(1252,3691,4943,172,5,711),(1252,3691,4943,172,4,712),(1028,3166,4194,172,7,713),(1453,3195,4648,173,6,714),(1453,3195,4648,173,4,715),(283,361,644,173,7,716),(1972,4871,6843,174,6,717),(1434,1580,3014,174,5,718),(1742,4382,6124,174,7,719),(1742,4382,6124,174,10,720),(1742,4382,6124,174,3,721),(1204,1091,2295,174,11,722),(2277,4823,7100,176,1,729),(1540,1354,2894,176,7,730),(2277,4823,7100,176,10,731),(2277,4823,7100,176,5,732),(1552,4025,5577,176,6,733),(955,1756,2711,176,11,734),(1369,1838,3207,177,6,735),(1369,1838,3207,177,1,736),(869,1107,1976,177,7,737),(1045,1703,2748,177,5,738),(948,1652,2600,178,5,739),(948,1652,2600,178,6,740),(284,167,451,178,10,741),(1295,3048,4343,179,10,742),(287,279,566,179,7,743),(1295,3048,4343,179,6,744),(1480,2974,4454,180,1,745),(1480,2974,4454,180,4,746),(0,3,3,181,4,747),(261,533,794,182,7,748),(2255,5435,7690,182,4,749),(2255,5435,7690,182,5,750),(455,433,888,183,5,751),(1463,2073,3536,183,10,752),(1873,3291,5164,183,4,753),(1418,2858,4276,183,7,754),(1933,4389,6322,184,1,755),(1933,4389,6322,184,6,756),(1933,4389,6322,184,7,757),(1651,4049,5700,184,10,758),(1523,3958,5481,184,3,759),(1523,3958,5481,184,5,760),(1441,2494,3935,185,1,761),(1441,2494,3935,185,10,762),(1441,2494,3935,185,6,763),(1441,2494,3935,185,5,764),(503,608,1111,185,7,765),(1000,1456,2456,186,14,766),(1308,2456,3764,186,5,767),(1308,2456,3764,186,6,768),(1308,2456,3764,186,10,769),(2131,4129,6260,187,6,770),(2131,4129,6260,187,10,771),(456,250,706,187,7,772),(800,2279,3079,187,5,773),(1179,3520,4699,188,6,774),(1179,3520,4699,188,7,775),(1179,3520,4699,188,14,776),(825,1355,2180,189,1,777),(825,1355,2180,189,7,778),(348,573,921,189,10,779),(1527,3032,4559,190,6,780),(1527,3032,4559,190,1,781),(1488,2882,4370,190,5,782),(1157,1966,3123,190,10,783),(1118,1816,2934,190,7,784),(741,1337,2078,191,7,785),(1245,1856,3101,191,10,786),(2243,4395,6638,191,6,787),(1502,3058,4560,191,14,788),(1502,3058,4560,191,5,789),(1502,3058,4560,191,3,790),(302,279,581,192,7,791),(1372,1274,2646,192,6,792),(1070,995,2065,192,5,793),(247,282,529,193,6,794),(1496,2445,3941,193,4,795),(1249,2163,3412,193,3,796),(157,232,389,194,1,797),(1390,2571,3961,194,10,798),(1390,2571,3961,194,4,799),(2540,4544,7084,195,1,800),(2540,4544,7084,195,10,801),(593,656,1249,195,7,802),(1802,3357,5159,195,14,803),(1842,3403,5245,196,14,804),(1842,3403,5245,196,6,805),(1136,2578,3714,196,10,806),(1633,2003,3636,196,5,807),(1536,1953,3489,196,7,808),(1102,1283,2385,197,1,809),(1102,1283,2385,197,5,810),(515,1167,1682,197,6,811),(250,563,813,197,14,812),(910,954,1864,197,10,813),(2193,5257,7450,198,6,814),(2193,5257,7450,198,7,815),(2193,5257,7450,198,1,816),(1977,4852,6829,198,5,817),(1977,4852,6829,198,3,818),(1853,3292,5145,198,10,819),(1380,3293,4673,199,5,820),(1380,3293,4673,199,14,821),(958,2792,3750,199,6,822),(1096,2570,3666,200,5,823),(1096,2570,3666,200,6,824),(162,150,312,200,7,825),(186,166,352,201,5,826),(1287,2439,3726,201,7,827),(1287,2439,3726,201,10,828),(2469,3506,5975,202,5,829),(411,700,1111,202,4,830),(411,700,1111,202,10,831),(2469,3506,5975,202,7,832),(1678,2989,4667,203,6,833),(1678,2989,4667,203,10,834),(1357,5966,7323,204,6,835),(1983,2833,4816,204,10,836),(814,879,1693,204,7,837),(1512,2437,3949,204,9,838),(886,5570,6456,204,14,839),(886,5570,6456,204,5,840),(1733,1549,3282,205,14,841),(746,866,1612,205,5,842),(1733,1549,3282,205,6,843),(1733,1549,3282,205,7,844),(1141,866,2007,205,3,845),(1141,866,2007,205,10,846),(450,663,1113,205,9,847),(1475,2600,4075,206,5,848),(1475,2600,4075,206,14,849),(1260,2125,3385,206,6,850),(1043,1975,3018,206,7,851),(1125,2371,3496,207,6,852),(1125,2371,3496,207,7,853),(323,613,936,207,4,854),(210,200,410,208,7,855),(2692,4493,7185,208,10,856),(2692,4493,7185,208,4,857),(2015,7888,9903,209,5,858),(1520,3392,4912,209,10,859),(2015,7888,9903,209,7,860),(1870,3744,5614,210,5,861),(1870,3744,5614,210,6,862),(1870,3744,5614,210,10,863),(1578,2447,4025,211,10,864),(1204,1592,2796,211,7,865),(2025,2972,4997,211,6,866),(1387,2339,3726,211,5,867),(1387,2339,3726,211,3,868),(1387,2339,3726,211,1,869),(589,574,1163,212,5,870),(1942,3728,5670,212,6,871),(1942,3728,5670,212,14,872),(1751,3495,5246,212,10,873),(1751,3495,5246,212,3,874),(1263,1906,3169,212,7,875),(1510,2695,4205,213,5,876),(654,687,1341,213,7,877),(1342,2520,3862,213,14,878),(1342,2520,3862,213,6,879),(1214,1733,2947,214,7,880),(540,693,1233,214,10,881),(1214,1733,2947,214,6,882),(1490,2435,3925,215,5,883),(286,306,592,215,7,884),(811,1247,2058,215,10,885),(1204,2129,3333,215,15,886),(1438,1589,3027,216,5,887),(1438,1589,3027,216,10,888),(1438,1589,3027,216,4,889),(1229,1974,3203,217,5,890),(1229,1974,3203,217,14,891),(247,466,713,217,6,892),(1757,3674,5431,218,6,893),(1757,3674,5431,218,10,894),(658,1135,1793,218,5,895),(496,1048,1544,218,9,896),(1376,3348,4724,218,15,897),(1376,3348,4724,218,7,898),(219,239,458,218,1,899),(2051,3715,5766,219,7,900),(2178,3985,6163,219,15,901),(2178,3985,6163,219,5,902),(2178,3985,6163,219,6,903),(1239,2073,3312,219,10,904),(874,1469,2343,219,9,905),(1001,1739,2740,219,1,906),(1324,2146,3470,220,5,907),(1324,2146,3470,220,14,908),(562,1070,1632,220,7,909),(1324,2146,3470,220,6,910),(1370,6223,7593,221,6,911),(1370,6223,7593,221,10,912),(1370,6223,7593,221,15,913),(1471,1841,3312,222,5,914),(1471,1841,3312,222,10,915),(1041,1316,2357,222,3,916),(362,500,862,223,7,917),(766,1262,2028,223,10,918),(798,1889,2687,223,4,919),(436,1389,1825,223,3,920),(2373,3150,5523,224,5,921),(823,1100,1923,224,15,922),(2373,3150,5523,224,6,923),(711,1162,1873,225,10,924),(1819,7884,9703,225,7,925),(711,1162,1873,225,15,926),(1541,7068,8609,225,6,927),(1541,7068,8609,225,3,928),(1541,7068,8609,225,5,929),(1616,2551,4167,226,14,930),(539,439,978,226,7,931),(1296,1789,3085,226,6,932),(1200,2249,3449,226,15,933),(1077,2112,3189,226,5,934),(1077,2112,3189,226,10,935),(1227,2114,3341,227,7,936),(1227,2114,3341,227,14,937),(562,733,1295,227,6,938),(665,1381,2046,227,1,939),(882,950,1832,228,10,940),(1314,1525,2839,228,6,941),(1314,1525,2839,228,15,942),(2660,4830,7490,229,7,943),(2660,4830,7490,229,4,944),(2660,4830,7490,229,14,945),(918,1044,1962,229,5,946),(1537,2521,4058,230,5,947),(1537,2521,4058,230,7,948),(1537,2521,4058,230,4,949),(2326,5474,7800,231,15,950),(2326,5474,7800,231,10,951),(2326,5474,7800,231,6,952),(1481,3233,4714,232,15,953),(1481,3233,4714,232,10,954),(1481,3233,4714,232,7,955),(1083,2612,3695,232,5,956),(1083,2612,3695,232,3,957),(1083,2612,3695,232,6,958),(750,827,1577,233,10,959),(1611,6424,8035,233,6,960),(1611,6424,8035,233,15,961),(1611,6424,8035,233,5,962),(1465,6311,7776,233,7,963),(1465,6311,7776,233,3,964),(1242,1856,3098,235,15,968),(1242,1856,3098,235,10,969),(1242,1856,3098,235,5,970),(151,116,267,236,10,971),(1305,1953,3258,236,4,972),(1305,1953,3258,236,15,973),(2182,4916,7098,237,5,974),(2182,4916,7098,237,3,975),(994,2750,3744,237,10,976),(2182,4916,7098,237,7,977),(501,537,1038,238,7,978),(2113,3140,5253,238,15,979),(2113,3140,5253,238,6,980),(1448,1632,3080,239,5,981),(1448,1632,3080,239,6,982),(1448,1632,3080,239,10,983),(1139,1296,2435,239,3,984),(1139,1296,2435,239,15,985),(850,1250,2100,240,7,986),(1672,3875,5547,240,6,987),(1672,3875,5547,240,15,988),(1348,3449,4797,240,3,989),(1348,3449,4797,240,5,990),(526,824,1350,240,10,991),(366,707,1073,241,7,992),(1533,2330,3863,241,6,993),(1533,2330,3863,241,5,994),(1533,2330,3863,241,14,995),(561,848,1409,242,15,996),(1409,4058,5467,242,7,997),(1409,4058,5467,242,10,998),(2442,3300,5742,243,6,999),(841,450,1291,243,10,1000),(2442,3300,5742,243,15,1001),(1420,2707,4127,244,10,1002),(1420,2707,4127,244,6,1003),(570,963,1533,244,5,1004),(1565,2192,3757,247,5,1010),(1565,2192,3757,247,7,1011),(1565,2192,3757,247,6,1012),(915,1090,2005,248,15,1013),(2068,5541,7609,248,5,1014),(2068,5541,7609,248,7,1015),(1854,4189,6043,250,7,1021),(1854,4189,6043,250,15,1022),(1854,4189,6043,250,10,1023),(1185,3588,4773,250,6,1024),(933,2001,2934,250,3,1025),(1222,2003,3225,251,6,1026),(1222,2003,3225,251,14,1027),(1222,2003,3225,251,5,1028),(1222,2003,3225,251,10,1029),(993,1726,2719,251,7,1030),(354,1006,1360,252,14,1031),(1339,2686,4025,252,6,1032),(1232,2261,3493,252,5,1033),(1232,2261,3493,252,7,1034),(1292,2939,4231,253,5,1035),(1292,2939,4231,253,15,1036),(1292,2939,4231,253,6,1037),(1594,2297,3891,254,1,1038),(605,823,1428,254,7,1039),(1594,2297,3891,254,3,1040),(337,479,816,255,5,1041),(247,366,613,255,7,1042),(2063,8330,10393,255,10,1043),(1816,7964,9780,255,3,1044),(1850,6406,8256,256,6,1045),(1850,6406,8256,256,15,1046),(272,300,572,256,10,1047),(1983,3897,5880,257,10,1048),(1983,3897,5880,257,7,1049),(1983,3897,5880,257,5,1050),(1666,3326,4992,257,15,1051),(1666,3326,4992,257,6,1052),(1666,3326,4992,257,9,1053),(1268,5359,6627,258,6,1054),(1268,5359,6627,258,15,1055),(641,1518,2159,258,7,1056),(1268,5359,6627,258,14,1057),(1151,2169,3320,258,10,1058),(950,4285,5235,258,5,1059),(585,1127,1712,259,7,1060),(1156,2903,4059,259,6,1061),(1156,2903,4059,259,5,1062),(1149,1224,2373,260,15,1063),(1149,1224,2373,260,10,1064),(1149,1224,2373,260,6,1065),(1542,2691,4233,261,5,1066),(319,406,725,261,7,1067),(1542,2691,4233,261,4,1068),(1223,2285,3508,261,3,1069),(1722,3725,5447,262,5,1070),(1337,2315,3652,262,10,1071),(1722,3725,5447,262,7,1072),(1531,1965,3496,263,6,1073),(1113,1058,2171,263,5,1074),(1531,1965,3496,263,15,1075),(1114,1943,3057,264,6,1076),(1114,1943,3057,264,10,1077),(895,1243,2138,264,5,1078),(1739,3775,5514,264,1,1079),(1739,3775,5514,264,7,1080),(1739,3775,5514,264,15,1081),(364,421,785,265,7,1082),(1158,1490,2648,265,10,1083),(1330,2410,3740,265,15,1084),(1330,2410,3740,265,14,1085),(966,1989,2955,265,6,1086),(966,1989,2955,265,3,1087),(966,1989,2955,265,5,1088),(1474,2823,4297,266,15,1089),(1474,2823,4297,266,6,1090),(1474,2823,4297,266,10,1091),(1204,2515,3719,266,5,1092),(1058,2279,3337,266,7,1093),(1521,3375,4896,267,1,1094),(490,975,1465,267,7,1095),(1521,3375,4896,267,5,1096),(490,975,1465,267,10,1097),(1586,2909,4495,268,10,1098),(1586,2909,4495,268,4,1099),(1861,4214,6075,269,6,1100),(371,334,705,269,10,1101),(1861,4214,6075,269,15,1102),(359,181,540,269,16,1103),(1671,4838,6509,270,6,1104),(322,300,622,270,5,1105),(1671,4838,6509,270,15,1106),(1791,3626,5417,271,16,1107),(1459,3198,4657,271,10,1108),(1791,3626,5417,271,1,1109),(1217,2866,4083,271,6,1110),(256,1159,1415,271,7,1111),(1369,2932,4301,271,5,1112),(1806,4735,6541,272,14,1113),(1806,4735,6541,272,6,1114),(1806,4735,6541,272,10,1115),(1481,4462,5943,272,5,1116),(686,1517,2203,272,16,1117),(1371,4367,5738,272,15,1118),(1185,2931,4116,273,5,1119),(1185,2931,4116,273,15,1120),(1185,2931,4116,273,16,1121),(1185,2931,4116,273,6,1122),(1283,1555,2838,274,5,1123),(416,482,898,274,15,1124),(1283,1555,2838,274,7,1125),(1058,1687,2745,275,5,1126),(1058,1687,2745,275,10,1127),(1058,1687,2745,275,16,1128),(1696,7916,9612,276,5,1129),(1696,7916,9612,276,16,1130),(1403,7750,9153,276,10,1131),(1696,7916,9612,276,7,1132),(1531,1598,3129,277,15,1133),(1531,1598,3129,277,16,1134),(1531,1598,3129,277,6,1135),(1806,5927,7733,278,7,1136),(1806,5927,7733,278,1,1137),(1806,5927,7733,278,10,1138),(1806,5927,7733,278,6,1139),(1499,5508,7007,278,2,1140),(1499,5508,7007,278,15,1141),(1746,2228,3974,279,6,1142),(1746,2228,3974,279,10,1143),(947,1604,2551,279,1,1144),(947,1604,2551,279,7,1145),(1356,1877,3233,279,15,1146),(1319,2821,4140,280,6,1147),(1139,2571,3710,280,7,1148),(1319,2821,4140,280,5,1149),(1210,3796,5006,281,15,1150),(609,1433,2042,281,10,1151),(1210,3796,5006,281,6,1152),(338,300,638,282,6,1153),(1471,2056,3527,282,10,1154),(1471,2056,3527,282,5,1155),(1050,1667,2717,283,5,1156),(1050,1667,2717,283,16,1157),(1050,1667,2717,283,7,1158),(1769,2290,4059,284,5,1159),(1769,2290,4059,284,7,1160),(1769,2290,4059,284,15,1161),(1233,1468,2701,285,10,1162),(1568,4787,6355,285,16,1163),(1568,4787,6355,285,14,1164),(1568,4787,6355,285,6,1165),(1236,4550,5786,285,7,1166),(1236,4550,5786,285,15,1167),(313,521,834,286,5,1168),(1566,2580,4146,286,7,1169),(1566,2580,4146,286,6,1170),(1411,2239,3650,286,14,1171),(1253,2059,3312,286,16,1172),(1253,2059,3312,286,15,1173),(1135,1999,3134,286,1,1174),(248,166,414,287,16,1175),(1172,1413,2585,287,1,1176),(1172,1413,2585,287,7,1177),(761,947,1708,287,6,1178),(0,1348,1348,288,7,1179),(0,1348,1348,288,10,1180),(1748,4333,6081,288,6,1181),(0,1348,1348,288,16,1182),(0,1348,1348,288,1,1183),(1748,4333,6081,288,15,1184),(0,1348,1348,288,14,1185),(214,1705,1919,288,5,1186),(891,953,1844,289,6,1187),(1433,2129,3562,289,7,1188),(1433,2129,3562,289,15,1189),(1141,1691,2832,290,3,1190),(1141,1691,2832,290,16,1191),(1141,1691,2832,290,15,1192),(1308,3405,4713,291,7,1193),(1308,3405,4713,291,16,1194),(1308,3405,4713,291,5,1195),(1256,3192,4448,292,7,1196),(1373,3272,4645,292,1,1197),(1373,3272,4645,292,5,1198),(1373,3272,4645,292,16,1199),(899,2897,3796,292,11,1200),(899,2897,3796,292,3,1201),(1522,3544,5066,293,16,1202),(1522,3544,5066,293,14,1203),(1522,3544,5066,293,6,1204),(1206,1711,2917,293,7,1205),(167,248,415,293,1,1206),(916,1485,2401,294,15,1207),(1464,3510,4974,294,6,1208),(1305,3210,4515,294,5,1209),(1106,2752,3858,295,1,1210),(292,462,754,295,16,1211),(1106,2752,3858,295,6,1212),(1482,4079,5561,296,7,1213),(338,474,812,296,16,1214),(1482,4079,5561,296,5,1215),(392,1933,2325,297,7,1216),(1595,4725,6320,297,1,1217),(1595,4725,6320,297,5,1218),(1320,2191,3511,298,5,1219),(1320,2191,3511,298,6,1220),(1320,2191,3511,298,10,1221),(1146,3102,4248,299,16,1222),(1146,3102,4248,299,6,1223),(316,533,849,299,10,1224),(830,2569,3399,299,7,1225),(830,2569,3399,299,1,1226),(830,2569,3399,299,5,1227),(1003,1246,2249,300,7,1228),(1934,3071,5005,300,6,1229),(1563,2352,3915,300,16,1230),(1563,2352,3915,300,3,1231),(1563,2352,3915,300,14,1232),(1647,3293,4940,301,16,1233),(1647,3293,4940,301,6,1234),(761,1343,2104,301,1,1235),(1259,3165,4424,302,6,1236),(1259,3165,4424,302,16,1237),(1259,3165,4424,302,10,1238),(297,355,652,303,7,1239),(1275,2366,3641,303,10,1240),(1275,2366,3641,303,5,1241),(1785,3662,5447,304,7,1242),(1785,3662,5447,304,5,1243),(259,185,444,304,10,1244),(1595,3518,5113,305,16,1245),(692,771,1463,305,7,1246),(1595,3518,5113,305,6,1247),(1072,3605,4677,306,10,1248),(1064,2625,3689,306,7,1249),(1264,6698,7962,306,1,1250),(901,6348,7249,306,6,1251),(901,6348,7249,306,3,1252),(901,6348,7249,306,5,1253),(1559,3492,5051,307,6,1254),(1559,3492,5051,307,5,1255),(1559,3492,5051,307,1,1256),(1559,3492,5051,307,14,1257),(436,266,702,307,7,1258),(1284,3011,4295,307,10,1259),(1301,1676,2977,308,6,1260),(1301,1676,2977,308,16,1261),(1301,1676,2977,308,5,1262),(483,389,872,309,16,1263),(1614,4689,6303,309,6,1264),(1614,4689,6303,309,10,1265),(250,201,451,310,7,1266),(1340,1526,2866,310,5,1267),(1340,1526,2866,310,16,1268),(632,588,1220,311,10,1269),(1743,3603,5346,311,5,1270),(1743,3603,5346,311,15,1271),(370,303,673,312,7,1272),(1837,3081,4918,312,15,1273),(1837,3081,4918,312,5,1274),(1496,3095,4591,313,16,1275),(1496,3095,4591,313,10,1276),(1407,2970,4377,313,6,1277),(240,271,511,313,7,1278),(1032,2516,3548,313,3,1279),(1121,2641,3762,313,15,1280),(1121,2641,3762,313,5,1281),(1821,5673,7494,314,6,1282),(2093,5163,7256,314,10,1283),(1821,5673,7494,314,5,1284),(1552,5338,6890,314,16,1285),(1256,4913,6169,314,7,1286),(1256,4913,6169,314,14,1287),(1222,2209,3431,315,1,1288),(1222,2209,3431,315,6,1289),(1222,2209,3431,315,15,1290),(1734,3046,4780,316,6,1291),(1734,3046,4780,316,10,1292),(1734,3046,4780,316,15,1293),(1734,3046,4780,316,5,1294),(599,763,1362,316,7,1295),(599,763,1362,316,16,1296),(1135,2283,3418,316,11,1297),(1148,1126,2274,317,7,1298),(266,183,449,317,10,1299),(1148,1126,2274,317,1,1300),(273,133,406,318,7,1301),(2180,4804,6984,318,10,1302),(2180,4804,6984,318,5,1303),(519,560,1079,319,15,1304),(1468,4049,5517,319,16,1305),(1468,4049,5517,319,6,1306),(1590,5304,6894,320,16,1307),(1400,2520,3920,320,7,1308),(1590,5304,6894,320,6,1309),(1135,2275,3410,320,10,1310),(1243,4739,5982,320,5,1311),(1243,4739,5982,320,15,1312),(1096,2397,3493,321,10,1313),(1660,3894,5554,321,6,1314),(1660,3894,5554,321,16,1315),(1660,3894,5554,321,14,1316),(1077,3194,4271,321,15,1317),(1077,3194,4271,321,5,1318),(1349,3022,4371,322,1,1319),(502,837,1339,322,7,1320),(1226,2827,4053,322,5,1321),(847,2185,3032,322,6,1322),(458,950,1408,323,7,1323),(951,3144,4095,323,5,1324),(951,3144,4095,323,16,1325),(1937,3736,5673,324,7,1326),(1937,3736,5673,324,1,1327),(1074,2108,3182,325,10,1328),(1416,2518,3934,325,15,1329),(415,200,615,325,5,1330),(1001,2318,3319,325,1,1331),(1027,2330,3357,326,10,1332),(1027,2330,3357,326,5,1333),(1027,2330,3357,326,15,1334),(1924,1894,3818,327,10,1335),(1924,1894,3818,327,15,1336),(1867,1914,3781,327,7,1337),(1609,1699,3308,327,1,1338),(1406,1649,3055,327,11,1339),(1406,1649,3055,327,5,1340),(2297,4654,6951,328,5,1341),(1673,3469,5142,328,10,1342),(2297,4654,6951,328,14,1343),(2083,4086,6169,328,3,1344),(1829,3270,5099,328,15,1345),(1671,2467,4138,329,7,1346),(1671,2467,4138,329,1,1347),(1838,3702,5540,330,4,1348),(1838,3702,5540,330,1,1349),(269,300,569,330,7,1350),(1198,3790,4988,331,10,1351),(820,1533,2353,331,16,1352),(1198,3790,4988,331,5,1353),(514,672,1186,332,10,1354),(314,272,586,332,16,1355),(1356,2528,3884,332,15,1356),(1042,2256,3298,332,5,1357),(865,1050,1915,333,7,1358),(1592,2418,4010,333,15,1359),(1592,2418,4010,333,5,1360),(2034,3712,5746,335,10,1366),(2034,3712,5746,335,5,1367),(2034,3712,5746,335,15,1368),(1684,3146,4830,335,7,1369),(1400,2260,3660,335,3,1370),(1696,4142,5838,336,7,1371),(1696,4142,5838,336,10,1372),(1696,4142,5838,336,15,1373),(1696,4142,5838,336,5,1374),(1696,4142,5838,336,14,1375),(1448,3732,5180,336,3,1376),(1083,1961,3044,337,7,1377),(1726,3685,5411,337,16,1378),(1726,3685,5411,337,5,1379),(1414,2462,3876,337,1,1380),(919,1402,2321,338,5,1381),(782,1077,1859,338,15,1382),(919,1402,2321,338,16,1383),(321,866,1187,339,7,1384),(1228,2666,3894,339,10,1385),(1228,2666,3894,339,16,1386),(1269,3742,5011,340,7,1387),(460,871,1331,340,10,1388),(460,871,1331,340,16,1389),(809,2871,3680,340,5,1390);
/*!40000 ALTER TABLE `payments` ENABLE KEYS */;
UNLOCK TABLES;

--
-- Table structure for table `tokens`
--

DROP TABLE IF EXISTS `tokens`;
/*!40101 SET @saved_cs_client     = @@character_set_client */;
/*!50503 SET character_set_client = utf8mb4 */;
CREATE TABLE `tokens` (
  `expired` bit(1) DEFAULT NULL,
  `revoked` bit(1) DEFAULT NULL,
  `id` bigint NOT NULL AUTO_INCREMENT,
  `user_id` bigint DEFAULT NULL,
  `token` varchar(255) DEFAULT NULL,
  `token_type` enum('BEARER') DEFAULT NULL,
  PRIMARY KEY (`id`),
  KEY `FK2dylsfo39lgjyqml2tbe0b0ss` (`user_id`),
  CONSTRAINT `FK2dylsfo39lgjyqml2tbe0b0ss` FOREIGN KEY (`user_id`) REFERENCES `users` (`id`)
) ENGINE=InnoDB AUTO_INCREMENT=1972 DEFAULT CHARSET=utf8mb4 COLLATE=utf8mb4_0900_ai_ci;
/*!40101 SET character_set_client = @saved_cs_client */;

--
-- Dumping data for table `tokens`
--

LOCK TABLES `tokens` WRITE;
/*!40000 ALTER TABLE `tokens` DISABLE KEYS */;
INSERT INTO `tokens` VALUES (_binary '\0',_binary '\0',818,6,'eyJhbGciOiJIUzI1NiJ9.eyJzdWIiOiJncmliYW5vdmFfYW55YUBpbmJveC5ydSIsImlhdCI6MTcwODY5MTU2NCwiZXhwIjoxNzA5Mjk2MzY0fQ.FVQuy1NbxQnA3QsSwfTSqjaXd7Y0cX0eFrQOZPPca14','BEARER'),(_binary '\0',_binary '\0',1006,4,'eyJhbGciOiJIUzI1NiJ9.eyJzdWIiOiJhbGV4ZXlfMjMyNDA5QG1haWwucnUiLCJpYXQiOjE3MTE2NjM5OTAsImV4cCI6MTcxMjI2ODc5MH0.HioPvSWsz0eRTLWehWvZbgm_nKu1P5nG4pUvOt-kzaM','BEARER'),(_binary '\0',_binary '\0',1141,5,'eyJhbGciOiJIUzI1NiJ9.eyJzdWIiOiJQYXZsb3ZhX3BvbGluYV8wMEBpY2xvdWQuY29tIiwiaWF0IjoxNzE0MzA2NzgyLCJleHAiOjE3MTQ5MTE1ODJ9.RjhbpjI_prKrlxjQxk24np85y3N7g1XhnsHof_o4RJg','BEARER'),(_binary '\0',_binary '\0',1160,9,'eyJhbGciOiJIUzI1NiJ9.eyJzdWIiOiIxMjNAbWFpbC5ydSIsImlhdCI6MTcxNDM2OTcyNSwiZXhwIjoxNzE0OTc0NTI1fQ.MdNQo4dARMwXlZcom4n9NcQQTVxcBY_8MlOUZAajax8','BEARER'),(_binary '\0',_binary '\0',1583,2,'eyJhbGciOiJIUzI1NiJ9.eyJzdWIiOiJpbHlvc3N1dm9ub3ZAZ21haWwuY29tIiwiaWF0IjoxNzIxMTY1ODE4LCJleHAiOjE3MjE3NzA2MTh9.awGoDbLllYmQbfLtjX2aICpKK2452TI4sTBZgDlKosw','BEARER'),(_binary '',_binary '',1802,8,'eyJhbGciOiJIUzI1NiJ9.eyJzdWIiOiJuYXN0eWEucnlzYWtvdmEuMDFAbWFpbC5ydSIsImlhdCI6MTcyNDQ2MTcxNywiZXhwIjoxNzI1MDY2NTE3fQ.Nqxj96UU8qUcQUoQ8O9dg1dQr-UAN7xOeno87RJ0m7I','BEARER'),(_binary '',_binary '',1842,8,'eyJhbGciOiJIUzI1NiJ9.eyJzdWIiOiJuYXN0eWEucnlzYWtvdmEuMDFAbWFpbC5ydSIsImlhdCI6MTcyNTA5NTcwNSwiZXhwIjoxNzI1NzAwNTA1fQ.ewDHYLt_FqEe4D_kcjKwaSUBmYkBu383MsEYARUSSB0','BEARER'),(_binary '',_binary '',1908,8,'eyJhbGciOiJIUzI1NiJ9.eyJzdWIiOiJuYXN0eWEucnlzYWtvdmEuMDFAbWFpbC5ydSIsImlhdCI6MTcyNjA3MTcyMCwiZXhwIjoxNzI2Njc2NTIwfQ.wDpTgnTtExBIe2967Tj3seCgjbkbV2mIsO2kA4Wz9iI','BEARER'),(_binary '\0',_binary '\0',1914,1,'eyJhbGciOiJIUzI1NiJ9.eyJzdWIiOiJ1c2VyQG1haWwuY29tIiwiaWF0IjoxNzI2MTMwMzMzLCJleHAiOjE3MjY3MzUxMzN9.RHL59_NxPN-1n95RMYcydn7z7qzmxXpABBryyi9J1Q0','BEARER'),(_binary '\0',_binary '\0',1930,11,'eyJhbGciOiJIUzI1NiJ9.eyJzdWIiOiJsZW5hLmNoa2EyMDAzQGdtYWlsLmNvbSIsImlhdCI6MTcyNjQ2ODQzMiwiZXhwIjoxNzI3MDczMjMyfQ.7xzPEeq545Du-PejCCG5Q9YC2BUSTodyQ2YPkUTaHFc','BEARER'),(_binary '\0',_binary '\0',1950,8,'eyJhbGciOiJIUzI1NiJ9.eyJzdWIiOiJuYXN0eWEucnlzYWtvdmEuMDFAbWFpbC5ydSIsImlhdCI6MTcyNjk1MjE0NiwiZXhwIjoxNzI3NTU2OTQ2fQ.Krd3qllNFYLpbVFLEXERMw5WZMfY4L-6y74l_Xi5ZjU','BEARER'),(_binary '\0',_binary '\0',1967,12,'eyJhbGciOiJIUzI1NiJ9.eyJzdWIiOiJuby1zb3VsMUB5YW5kZXgucnUiLCJpYXQiOjE3MjcyODQ4MjEsImV4cCI6MTcyNzg4OTYyMX0.LpzghzT36wnQnqlgfuGrTv6_GzSCJODOo2Uf5ihORt8','BEARER'),(_binary '\0',_binary '\0',1968,3,'eyJhbGciOiJIUzI1NiJ9.eyJzdWIiOiJraXJhQG1haWwuY29tIiwiaWF0IjoxNzI3Mjk4MDk0LCJleHAiOjE3Mjc5MDI4OTR9.amdTzLamyofxoHIBVAXwg5bGe6b7vAbr2zoWyaSa5zM','BEARER'),(_binary '\0',_binary '\0',1969,10,'eyJhbGciOiJIUzI1NiJ9.eyJzdWIiOiJnaWNoZXZhMjYxOUBtYWlsLnJ1IiwiaWF0IjoxNzI3MzMwNjA1LCJleHAiOjE3Mjc5MzU0MDV9.5zeF7VOsveB-ARc4R8skFEUkOwhZJqjxfFRqhnADrFI','BEARER'),(_binary '\0',_binary '\0',1971,13,'eyJhbGciOiJIUzI1NiJ9.eyJzdWIiOiJzb21yeWFrb3ZhMDNAbWFpbC5ydSIsImlhdCI6MTcyNzM0NDQ5MiwiZXhwIjoxNzI3OTQ5MjkyfQ.vrQhfzSvEwZ3GjP_mKKTKBN7zAejXAY2S5yeCjuukqs','BEARER');
/*!40000 ALTER TABLE `tokens` ENABLE KEYS */;
UNLOCK TABLES;

--
-- Table structure for table `user_role`
--

DROP TABLE IF EXISTS `user_role`;
/*!40101 SET @saved_cs_client     = @@character_set_client */;
/*!50503 SET character_set_client = utf8mb4 */;
CREATE TABLE `user_role` (
  `user_id` bigint NOT NULL,
  `roles` enum('ADMIN','MANAGER','MASTER','USER') DEFAULT NULL,
  KEY `FKj345gk1bovqvfame88rcx7yyx` (`user_id`),
  CONSTRAINT `FKj345gk1bovqvfame88rcx7yyx` FOREIGN KEY (`user_id`) REFERENCES `users` (`id`)
) ENGINE=InnoDB DEFAULT CHARSET=utf8mb4 COLLATE=utf8mb4_0900_ai_ci;
/*!40101 SET character_set_client = @saved_cs_client */;

--
-- Dumping data for table `user_role`
--

LOCK TABLES `user_role` WRITE;
/*!40000 ALTER TABLE `user_role` DISABLE KEYS */;
INSERT INTO `user_role` VALUES (1,'ADMIN'),(2,'USER'),(2,'MASTER'),(3,'USER'),(3,'MASTER'),(4,'USER'),(5,'USER'),(6,'USER'),(6,'MASTER'),(8,'USER'),(9,'USER'),(10,'USER'),(4,'MASTER'),(5,'MASTER'),(11,'USER'),(12,'USER'),(13,'USER');
/*!40000 ALTER TABLE `user_role` ENABLE KEYS */;
UNLOCK TABLES;

--
-- Table structure for table `users`
--

DROP TABLE IF EXISTS `users`;
/*!40101 SET @saved_cs_client     = @@character_set_client */;
/*!50503 SET character_set_client = utf8mb4 */;
CREATE TABLE `users` (
  `active` bit(1) DEFAULT NULL,
  `employee_id` bigint DEFAULT NULL,
  `id` bigint NOT NULL AUTO_INCREMENT,
  `email` varchar(255) DEFAULT NULL,
  `name` varchar(255) DEFAULT NULL,
  `password` varchar(255) DEFAULT NULL,
  `phone_number` varchar(255) DEFAULT NULL,
  PRIMARY KEY (`id`),
  UNIQUE KEY `UK_6dotkott2kjsp8vw4d0m25fb7` (`email`),
  UNIQUE KEY `UK_d1s31g1a7ilra77m65xmka3ei` (`employee_id`),
  CONSTRAINT `FK6p2ib82uai0pj9yk1iassppgq` FOREIGN KEY (`employee_id`) REFERENCES `employees` (`id`)
) ENGINE=InnoDB AUTO_INCREMENT=15 DEFAULT CHARSET=utf8mb4 COLLATE=utf8mb4_0900_ai_ci;
/*!40101 SET character_set_client = @saved_cs_client */;

--
-- Dumping data for table `users`
--

LOCK TABLES `users` WRITE;
/*!40000 ALTER TABLE `users` DISABLE KEYS */;
INSERT INTO `users` VALUES (_binary '',1,1,'user@mail.com','user','$2a$08$h9fXyuBPLowZzoRJ1erqOeBsGRPGYlV75PpEdIaY89Fy7KTvbLJMq','123'),(_binary '',4,2,'ilyossuvonov@gmail.com','Ильес','$2a$08$LUQGuVu9pCgY/yU4odUJJu.6ItLsCIjS034jCGH45zn8l/J5U07Uu','89967969967'),(_binary '',8,3,'kira@mail.com','Kira','$2a$08$A4E3d4Aij1a5eVQLHMHK2O7pJRiCQxTSl9XEXh2pGfY4OSrTQEf62','123'),(_binary '',5,4,'alexey_232409@mail.ru','Алексей','$2a$08$YajdOCSn2BlHmIKzmLkIre5ZM/G7AnpQj15hu1i8DK/K2WeibT2LW','+79112835622'),(_binary '',6,5,'Pavlova_polina_00@icloud.com','Полина ','$2a$08$s/AQ9agwuJrEoywd9z5frOtsuQxT4.PfYpaLalexYzP849mDdAWOq','89319681123'),(_binary '',2,6,'gribanova_anya@inbox.ru','Анна ','$2a$08$xXelmwrcZY7vDvhjDD.dz.Gk3wyZlIMs.eTHx8iAHRGWJBwsqM/um','89319911337'),(_binary '',3,8,'nastya.rysakova.01@mail.ru','Стэйша','$2a$08$o.5joEjNI43ywt6I5QnooOCsOVCQlXCAR2HQfC.5Uu6Kb8gEH9T.y','89531571772'),(_binary '',7,9,'123@mail.ru','Ivan','$2a$08$gFz/EA7OkRVaVYqYP2MPE.JcEdD0/JNnmlSnb8WZXh6gZ5WJRi.Eq','79040359795'),(_binary '',10,10,'gicheva2619@mail.ru','Екатерина','$2a$08$w87jz.99ga718Ga.CVKgOuvwI4hdqYC3nv1OnwhAGWT2GlIOS4n8.','89992493009'),(_binary '',14,11,'lena.chka2003@gmail.com','Елена ','$2a$08$CrttYyKW0QBXJhUACU6y4ek/61ZL8jCGRhxNikF32JJZ/Ea1FdDTK','+79522746685'),(_binary '',15,12,'no-soul1@yandex.ru','Лера Филиппова','$2a$08$Qhcfg6MyFxZNLaS1V4f4c.aAJNzobS5o47AiQQXaodUqJMUB3U0qm','89112198695'),(_binary '',16,13,'somryakova03@mail.ru','Татьяна','$2a$08$ZEMXHk/MLAd0y6ZmJCrL.uFqY5R/UwHqEjhkOACrvONuH6mhhz/2m','+79657722917');
/*!40000 ALTER TABLE `users` ENABLE KEYS */;
UNLOCK TABLES;

--
-- Table structure for table `wishes`
--

DROP TABLE IF EXISTS `wishes`;
/*!40101 SET @saved_cs_client     = @@character_set_client */;
/*!50503 SET character_set_client = utf8mb4 */;
CREATE TABLE `wishes` (
  `end_time` time(6) DEFAULT NULL,
  `fixed` bit(1) DEFAULT NULL,
  `date_time` datetime(6) DEFAULT NULL,
  `department_id` bigint DEFAULT NULL,
  `employee_id` bigint DEFAULT NULL,
  `id` bigint NOT NULL AUTO_INCREMENT,
  `type` enum('DAY_OFF','DAY_WORK') DEFAULT NULL,
  PRIMARY KEY (`id`),
  KEY `FKg8ed6sstml4009juci7bihd29` (`department_id`),
  KEY `FKoaakwe2qsih2lrhcnp9g6xr3c` (`employee_id`),
  CONSTRAINT `FKg8ed6sstml4009juci7bihd29` FOREIGN KEY (`department_id`) REFERENCES `departments` (`id`),
  CONSTRAINT `FKoaakwe2qsih2lrhcnp9g6xr3c` FOREIGN KEY (`employee_id`) REFERENCES `employees` (`id`)
) ENGINE=InnoDB AUTO_INCREMENT=138 DEFAULT CHARSET=utf8mb4 COLLATE=utf8mb4_0900_ai_ci;
/*!40101 SET character_set_client = @saved_cs_client */;

--
-- Dumping data for table `wishes`
--

LOCK TABLES `wishes` WRITE;
/*!40000 ALTER TABLE `wishes` DISABLE KEYS */;
INSERT INTO `wishes` VALUES (NULL,_binary '\0','2023-11-06 11:00:00.000000',1,6,14,'DAY_OFF'),(NULL,_binary '\0','2023-11-07 11:00:00.000000',1,6,15,'DAY_OFF'),(NULL,_binary '\0','2023-11-08 11:00:00.000000',1,6,16,'DAY_WORK'),(NULL,_binary '\0','2023-11-09 11:00:00.000000',1,6,17,'DAY_WORK'),(NULL,_binary '\0','2023-11-10 11:00:00.000000',1,6,18,'DAY_WORK'),(NULL,_binary '\0','2023-11-11 13:00:00.000000',1,6,19,'DAY_WORK'),(NULL,_binary '\0','2023-11-12 11:00:00.000000',1,6,20,'DAY_OFF'),(NULL,_binary '\0','2023-11-06 11:00:00.000000',1,1,21,'DAY_WORK'),(NULL,_binary '\0','2023-11-07 11:00:00.000000',1,1,22,'DAY_OFF'),(NULL,_binary '\0','2023-11-08 11:00:00.000000',1,1,23,'DAY_OFF'),(NULL,_binary '\0','2023-11-09 11:00:00.000000',1,1,24,'DAY_OFF'),(NULL,_binary '\0','2023-11-10 11:00:00.000000',1,1,25,'DAY_WORK'),(NULL,_binary '\0','2023-11-11 11:00:00.000000',1,1,26,'DAY_WORK'),(NULL,_binary '\0','2023-11-12 11:00:00.000000',1,1,27,'DAY_OFF'),(NULL,_binary '\0','2023-11-06 11:00:00.000000',1,4,29,'DAY_OFF'),(NULL,_binary '\0','2023-11-07 11:00:00.000000',1,4,30,'DAY_OFF'),(NULL,_binary '\0','2023-11-08 11:00:00.000000',1,4,31,'DAY_WORK'),(NULL,_binary '\0','2023-11-09 11:00:00.000000',1,4,32,'DAY_WORK'),(NULL,_binary '\0','2023-11-10 11:00:00.000000',1,4,33,'DAY_WORK'),(NULL,_binary '\0','2023-11-11 18:00:00.000000',1,4,34,'DAY_WORK'),(NULL,_binary '\0','2023-11-12 11:00:00.000000',1,4,35,'DAY_WORK'),(NULL,_binary '\0','2023-11-06 11:00:00.000000',1,2,36,'DAY_OFF'),(NULL,_binary '\0','2023-11-07 10:30:00.000000',1,2,37,'DAY_WORK'),(NULL,_binary '\0','2023-11-08 10:00:00.000000',1,2,38,'DAY_WORK'),(NULL,_binary '\0','2023-11-09 14:30:00.000000',1,2,39,'DAY_WORK'),(NULL,_binary '\0','2023-11-10 10:30:00.000000',1,2,40,'DAY_WORK'),(NULL,_binary '\0','2023-11-11 13:00:00.000000',1,2,41,'DAY_WORK'),(NULL,_binary '\0','2023-11-12 11:00:00.000000',1,2,42,'DAY_OFF'),(NULL,_binary '\0','2023-11-06 11:00:00.000000',1,5,43,'DAY_WORK'),(NULL,_binary '\0','2023-11-07 11:00:00.000000',1,5,44,'DAY_WORK'),(NULL,_binary '\0','2023-11-08 11:00:00.000000',1,5,45,'DAY_OFF'),(NULL,_binary '\0','2023-11-09 11:00:00.000000',1,5,46,'DAY_WORK'),(NULL,_binary '\0','2023-11-10 18:00:00.000000',1,5,47,'DAY_WORK'),(NULL,_binary '\0','2023-11-11 18:00:00.000000',1,5,48,'DAY_WORK'),(NULL,_binary '\0','2023-11-12 11:00:00.000000',1,5,49,'DAY_WORK'),(NULL,_binary '\0','2023-11-06 11:00:00.000000',1,3,50,'DAY_OFF'),(NULL,_binary '\0','2023-11-07 11:00:00.000000',1,3,51,'DAY_WORK'),(NULL,_binary '\0','2023-11-08 11:00:00.000000',1,3,52,'DAY_WORK'),(NULL,_binary '\0','2023-11-09 11:00:00.000000',1,3,53,'DAY_OFF'),(NULL,_binary '\0','2023-11-10 18:00:00.000000',1,3,54,'DAY_WORK'),(NULL,_binary '\0','2023-11-11 12:01:00.000000',1,3,55,'DAY_WORK'),(NULL,_binary '\0','2023-11-12 11:00:00.000000',1,3,56,'DAY_OFF'),(NULL,_binary '\0','2023-11-12 16:00:00.000000',1,9,57,'DAY_WORK'),(NULL,_binary '\0','2023-11-06 11:00:00.000000',1,7,58,'DAY_WORK'),('16:00:00.000000',_binary '\0','2023-11-07 11:00:00.000000',1,7,59,'DAY_WORK'),(NULL,_binary '\0','2023-11-08 11:00:00.000000',1,7,60,'DAY_OFF'),(NULL,_binary '\0','2023-11-09 11:00:00.000000',1,7,61,'DAY_OFF'),(NULL,_binary '\0','2023-11-10 16:00:00.000000',1,7,62,'DAY_WORK'),(NULL,_binary '\0','2023-11-11 11:00:00.000000',1,7,63,'DAY_WORK'),(NULL,_binary '\0','2023-11-12 11:00:00.000000',1,7,64,'DAY_WORK'),(NULL,_binary '\0','2024-01-10 11:00:00.000000',1,3,65,'DAY_OFF'),(NULL,_binary '\0','2023-12-18 11:00:00.000000',1,3,66,'DAY_OFF'),(NULL,_binary '\0','2023-11-13 11:00:00.000000',1,3,67,'DAY_OFF'),(NULL,_binary '\0','2023-11-14 11:00:00.000000',1,3,68,'DAY_WORK'),(NULL,_binary '\0','2023-11-15 11:00:00.000000',1,3,69,'DAY_WORK'),(NULL,_binary '\0','2023-11-16 11:00:00.000000',1,3,70,'DAY_OFF'),(NULL,_binary '\0','2023-11-17 18:00:00.000000',1,3,72,'DAY_WORK'),(NULL,_binary '\0','2023-11-19 11:00:00.000000',1,3,73,'DAY_OFF'),(NULL,_binary '\0','2023-11-18 14:00:00.000000',1,3,74,'DAY_WORK'),(NULL,_binary '\0','2023-11-13 11:00:00.000000',1,4,75,'DAY_WORK'),(NULL,_binary '\0','2023-11-14 11:00:00.000000',1,4,76,'DAY_OFF'),(NULL,_binary '\0','2023-11-15 11:00:00.000000',1,4,77,'DAY_WORK'),(NULL,_binary '\0','2023-11-16 11:00:00.000000',1,4,78,'DAY_WORK'),(NULL,_binary '\0','2023-11-17 11:00:00.000000',1,4,79,'DAY_WORK'),(NULL,_binary '\0','2023-11-18 18:00:00.000000',1,4,80,'DAY_WORK'),(NULL,_binary '\0','2023-11-19 11:00:00.000000',1,4,81,'DAY_OFF'),(NULL,_binary '\0','2023-11-13 11:00:00.000000',1,6,82,'DAY_WORK'),(NULL,_binary '\0','2023-11-14 11:00:00.000000',1,6,83,'DAY_WORK'),(NULL,_binary '\0','2023-11-15 11:00:00.000000',1,6,84,'DAY_OFF'),(NULL,_binary '\0','2023-11-16 11:00:00.000000',1,6,85,'DAY_OFF'),(NULL,_binary '\0','2023-11-17 11:00:00.000000',1,6,86,'DAY_WORK'),(NULL,_binary '\0','2023-11-18 11:00:00.000000',1,6,87,'DAY_WORK'),(NULL,_binary '\0','2023-11-19 14:00:00.000000',1,6,88,'DAY_WORK'),(NULL,_binary '\0','2023-11-21 11:00:00.000000',1,6,90,'DAY_OFF'),(NULL,_binary '\0','2023-12-04 11:00:00.000000',1,6,91,'DAY_OFF'),(NULL,_binary '\0','2023-12-12 11:00:00.000000',1,6,92,'DAY_OFF'),(NULL,_binary '\0','2023-12-26 11:00:00.000000',1,6,93,'DAY_OFF'),(NULL,_binary '\0','2023-11-20 11:00:00.000000',1,3,94,'DAY_OFF'),(NULL,_binary '\0','2023-11-13 11:00:00.000000',1,1,95,'DAY_OFF'),(NULL,_binary '\0','2023-11-15 11:00:00.000000',1,1,96,'DAY_OFF'),(NULL,_binary '\0','2023-11-16 11:00:00.000000',1,1,97,'DAY_OFF'),(NULL,_binary '\0','2023-11-16 11:00:00.000000',1,10,98,'DAY_WORK'),(NULL,_binary '\0','2023-11-13 11:00:00.000000',1,5,99,'DAY_WORK'),(NULL,_binary '\0','2023-11-14 11:00:00.000000',1,5,100,'DAY_OFF'),(NULL,_binary '\0','2023-11-15 11:00:00.000000',1,5,101,'DAY_WORK'),(NULL,_binary '\0','2023-11-16 11:00:00.000000',1,5,102,'DAY_OFF'),(NULL,_binary '\0','2023-11-22 11:00:00.000000',1,6,104,'DAY_OFF'),(NULL,_binary '\0','2023-11-21 11:00:00.000000',1,3,105,'DAY_WORK'),(NULL,_binary '\0','2023-11-22 11:00:00.000000',1,3,106,'DAY_OFF'),(NULL,_binary '\0','2023-11-23 11:00:00.000000',1,3,107,'DAY_WORK'),(NULL,_binary '\0','2023-11-24 14:00:00.000000',1,3,108,'DAY_WORK'),(NULL,_binary '\0','2023-11-27 11:00:00.000000',1,3,109,'DAY_OFF'),(NULL,_binary '\0','2023-11-28 11:00:00.000000',1,3,110,'DAY_OFF'),(NULL,_binary '\0','2023-11-29 11:00:00.000000',1,3,111,'DAY_WORK'),(NULL,_binary '\0','2023-11-30 11:00:00.000000',1,3,112,'DAY_WORK'),(NULL,_binary '\0','2023-12-01 11:00:00.000000',1,3,113,'DAY_OFF'),(NULL,_binary '\0','2023-12-02 18:00:00.000000',1,3,114,'DAY_WORK'),(NULL,_binary '\0','2023-12-03 14:00:00.000000',1,3,115,'DAY_WORK'),(NULL,_binary '\0','2023-11-27 11:00:00.000000',1,6,116,'DAY_OFF'),(NULL,_binary '\0','2023-11-28 11:00:00.000000',1,6,117,'DAY_OFF'),('16:00:00.000000',_binary '\0','2023-11-23 11:00:00.000000',1,6,118,'DAY_WORK'),(NULL,_binary '\0','2023-11-24 11:00:00.000000',1,6,119,'DAY_WORK'),(NULL,_binary '\0','2023-11-25 11:00:00.000000',1,6,120,'DAY_WORK'),(NULL,_binary '\0','2023-11-26 11:00:00.000000',1,6,121,'DAY_WORK'),(NULL,_binary '\0','2023-11-29 11:00:00.000000',1,6,122,'DAY_WORK'),(NULL,_binary '\0','2023-11-30 11:00:00.000000',1,6,123,'DAY_WORK'),(NULL,_binary '\0','2023-12-01 11:00:00.000000',1,6,124,'DAY_WORK'),(NULL,_binary '\0','2023-12-02 11:00:00.000000',1,6,125,'DAY_WORK'),(NULL,_binary '\0','2023-12-03 11:00:00.000000',1,6,126,'DAY_WORK'),(NULL,_binary '\0','2023-12-05 11:00:00.000000',1,6,127,'DAY_OFF'),(NULL,_binary '\0','2023-12-04 11:00:00.000000',1,4,128,'DAY_WORK'),(NULL,_binary '\0','2023-12-05 11:00:00.000000',1,4,129,'DAY_WORK'),(NULL,_binary '\0','2023-12-06 11:00:00.000000',1,4,130,'DAY_OFF'),(NULL,_binary '\0','2023-12-07 11:00:00.000000',1,4,131,'DAY_OFF'),(NULL,_binary '\0','2023-12-08 11:00:00.000000',1,4,132,'DAY_OFF'),(NULL,_binary '\0','2023-12-09 11:00:00.000000',1,4,133,'DAY_WORK'),(NULL,_binary '\0','2024-01-03 11:00:00.000000',1,6,134,'DAY_OFF'),(NULL,_binary '\0','2024-01-04 11:00:00.000000',1,6,135,'DAY_OFF'),(NULL,_binary '\0','2024-01-07 11:00:00.000000',1,6,136,'DAY_OFF'),(NULL,_binary '\0','2024-01-10 11:00:00.000000',1,6,137,'DAY_OFF');
/*!40000 ALTER TABLE `wishes` ENABLE KEYS */;
UNLOCK TABLES;
/*!40103 SET TIME_ZONE=@OLD_TIME_ZONE */;

/*!40101 SET SQL_MODE=@OLD_SQL_MODE */;
/*!40014 SET FOREIGN_KEY_CHECKS=@OLD_FOREIGN_KEY_CHECKS */;
/*!40014 SET UNIQUE_CHECKS=@OLD_UNIQUE_CHECKS */;
/*!40101 SET CHARACTER_SET_CLIENT=@OLD_CHARACTER_SET_CLIENT */;
/*!40101 SET CHARACTER_SET_RESULTS=@OLD_CHARACTER_SET_RESULTS */;
/*!40101 SET COLLATION_CONNECTION=@OLD_COLLATION_CONNECTION */;
/*!40111 SET SQL_NOTES=@OLD_SQL_NOTES */;

-- Dump completed on 2024-09-26 18:57:52
